<metadata>
	<Esri>
		<PublishedDocID>{f1579089-bd73-46d5-a1fc-ad6037374064}</PublishedDocID>
	</Esri>
	<idinfo>
		<keywords>
			<theme>
				<themekt>ISO 19115 Topic Category</themekt>
				<themekey>environment</themekey>
			</theme>
			<theme>
				<themekt>EPA GIS Keyword Thesaurus</themekt>
				<themekey>Biology</themekey>
				<themekey>Ecology</themekey>
				<themekey>Ecosystem</themekey>
				<themekey>Environment</themekey>
				<themekey>Modeling</themekey>
				<themekey>Natural Resources</themekey>
			</theme>
			<theme>
				<themekt>EnviroAtlas</themekt>
				<themekey>12-digit HUCs</themekey>
				<themekey>Biodiversity</themekey>
				<themekey>Biology</themekey>
				<themekey>Conservation</themekey>
				<themekey>Ecosystem Services</themekey>
				<themekey>EnviroAtlas</themekey>
				<themekey>Environment</themekey>
				<themekey>Environmental Atlas</themekey>
				<themekey>Recreation</themekey>
			</theme>
			<place>
				<placekt>None</placekt>
				<placekey>Alabama</placekey>
				<placekey>Arizona</placekey>
				<placekey>Arkansas</placekey>
				<placekey>California</placekey>
				<placekey>Colorado</placekey>
				<placekey>Connecticut</placekey>
				<placekey>Delaware</placekey>
				<placekey>Florida</placekey>
				<placekey>Georgia</placekey>
				<placekey>Idaho</placekey>
				<placekey>Illinois</placekey>
				<placekey>Indiana</placekey>
				<placekey>Iowa</placekey>
				<placekey>Kansas</placekey>
				<placekey>Kentucky</placekey>
				<placekey>Louisiana</placekey>
				<placekey>Maine</placekey>
				<placekey>Maryland</placekey>
				<placekey>Massachusetts</placekey>
				<placekey>Michigan</placekey>
				<placekey>Minnesota</placekey>
				<placekey>Mississippi</placekey>
				<placekey>Missouri</placekey>
				<placekey>Montana</placekey>
				<placekey>Nebraska</placekey>
				<placekey>Nevada</placekey>
				<placekey>New Hampshire</placekey>
				<placekey>New Jersey</placekey>
				<placekey>New Mexico</placekey>
				<placekey>New York</placekey>
				<placekey>North Carolina</placekey>
				<placekey>North Dakota</placekey>
				<placekey>Ohio</placekey>
				<placekey>Oklahoma</placekey>
				<placekey>Oregon</placekey>
				<placekey>Pennsylvania</placekey>
				<placekey>Rhode Island</placekey>
				<placekey>South Carolina</placekey>
				<placekey>South Dakota</placekey>
				<placekey>Tennessee</placekey>
				<placekey>Texas</placekey>
				<placekey>United States</placekey>
				<placekey>Utah</placekey>
				<placekey>Vermont</placekey>
				<placekey>Virginia</placekey>
				<placekey>Washington</placekey>
				<placekey>Washington DC</placekey>
				<placekey>West Virginia</placekey>
				<placekey>Wisconsin</placekey>
				<placekey>Wyoming</placekey>
			</place>
		</keywords>
		<citation>
			<citeinfo>
				<origin>Center for Applied Spatial Ecology, USGS NM Cooperative Research Unit, Department of Fish, Wildlife and Conservation Ecology, New Mexico State University, Las Cruces, NM</origin>
				<title>EnviroAtlas - National Biodiversity Ecosystem Services Metrics by 12-digit HUC for the Conterminous United States</title>
				<pubinfo>
					<publish>U.S. EPA Office of Research &amp; Development (ORD) - National Exposure Research Laboratory (NERL)</publish>
					<pubplace>Research Triangle Park, NC</pubplace>
				</pubinfo>
				<pubdate>20170503</pubdate>
				<onlink>https://edg.epa.gov/data/PUBLIC/ORD/ENVIROATLAS</onlink>
				<onlink>https://enviroatlas.epa.gov/arcgis/rest/services</onlink>
				<onlink>https://www.epa.gov/enviroatlas/enviroatlas-data</onlink>
				<onlink>https://www.epa.gov/enviroatlas</onlink>
			</citeinfo>
		</citation>
		<timeperd>
			<current>Publication date</current>
			<timeinfo>
				<sngdate>
					<caldate>2001</caldate>
				</sngdate>
			</timeinfo>
		</timeperd>
		<status>
			<progress>Planned</progress>
			<update>asNeeded</update>
		</status>
		<spdom>
			<bounding>
				<westbc>-128.02839229</westbc>
				<eastbc>-65.20336449</eastbc>
				<northbc>51.6773602</northbc>
				<southbc>22.7348894</southbc>
			</bounding>
		</spdom>
		<accconst>None</accconst>
		<useconst>None. Please check sources, scale, accuracy, currency and other available information. Please confirm that you are using the most recent copy of both data and metadata. Acknowledgement of the EPA would be appreciated.</useconst>
		<descript>
			<abstract>This EnviroAtlas dataset contains species richness metrics based on habitat models generated by the U.S. Geological Survey (USGS) National Gap Analysis Project (GAP). Ecosystem services, i.e., services provided to humans from ecological systems have become a key issue of this century in resource management, conservation planning, and environmental decision analysis. Mapping and quantifying ecosystem services have become strategic national interests for integrating ecology with economics to help understand the effects of human policies and actions and their subsequent impacts on both ecosystem function and human well-being. Some aspects of biodiversity are valued by humans in varied ways, and thus are important to include in any assessment that seeks to identify and quantify the benefits of ecosystems to humans. Some biodiversity metrics clearly reflect ecosystem services (e.g., abundance and diversity of harvestable species), whereas others may reflect indirect and difficult to quantify relationships to services (e.g., relevance of species diversity to ecosystem resilience, cultural and aesthetic values). Wildlife habitat has been modeled at broad spatial scales and can be used to map a number of biodiversity metrics. We map 24 biodiversity metrics reflecting ecosystem services or other aspects of biodiversity for terrestrial vertebrate species. Metrics include all species richness, taxa specific species richness and other lists identifying species of conservation concern, climate vulnerabilities, etc. This dataset was produced by a joint effort of New Mexico State University, US EPA, and USGS to support research and online mapping activities related to EnviroAtlas. EnviroAtlas (https://www.epa.gov/enviroatlas) allows the user to interact with a web-based, easy-to-use, mapping application to view and analyze multiple ecosystem services for the contiguous United States. The dataset is available as downloadable data (https://edg.epa.gov/data/Public/ORD/EnviroAtlas) or as an EnviroAtlas map service. Additional descriptive information about each attribute in this dataset can be found in its associated EnviroAtlas Fact Sheet (https://www.epa.gov/enviroatlas/enviroatlas-fact-sheets).</abstract>
			<purpose>The biodiversity metrics were created from grouping national level single species habitat models created by the USGS Gap Analysis Project into smaller ecologically based, phylogeny based, or stakeholder suggested composites. This data could be used in conjunction with other biodiversity data or ecosystem service data to identify concordance and discordance between metrics. Areas of concordance highlight the similarity between the two metrics. Areas of discordance highlight dissimilar areas, but must then be reviewed to understand why the dissimilarity occurs. The overall goal of EnviroAtlas is to employ and develop the best available science to map indicators of ecosystem services production, demand, and drivers for the nation.</purpose>
		</descript>
		<secinfo>
			<secsys>http://project-open-data.github.io/schema/#accessLevel</secsys>
			<secclass>public</secclass>
			<sechandl>Standard Technical Controls</sechandl>
		</secinfo>
		<ptcontac>
			<cntinfo>
				<cntorgp>
					<cntorg>Center for Applied Spatial Ecology, NMCFWRU, NMSU</cntorg>
					<cntper>Kenneth Boykin</cntper>
				</cntorgp>
				<cntpos>Director</cntpos>
				<cntaddr>
					<addrtype>mailing and physical address</addrtype>
					<address>2980 S. Espina St., 105 Knox Hall,</address>
					<address>P.O. Box 30003, MSC 4901</address>
					<city>Las Cruces</city>
					<state>NM</state>
					<postal>88003</postal>
				</cntaddr>
				<cntvoice>(575) 646-6303</cntvoice>
				<cntfax>(575) 646-1281</cntfax>
				<cntemail>kboykin@nmsu.edu</cntemail>
				<cntinst>http://case.nmsu.edu/</cntinst>
			</cntinfo>
		</ptcontac>
	</idinfo>
	<dataqual>
		<logic>Tests for integrity have not been performed.</logic>
		<complete>Features represented have not been tested for completeness</complete>
		<posacc>
			<horizpa>
				<horizpar>Data were collected using methods that have unknown accuracy (EPA National Geospatial Data Policy [NGDP] Accuracy Tier 10). For more information, please see EPA's NGDP at https://epa.gov/geospatial/policies.html</horizpar>
			</horizpa>
		</posacc>
		<lineage>
			<procstep>
				<procdate>20170503</procdate>
				<procdesc>Models summarized by Python script for each metric. See overview for details.</procdesc>
				<proccont>
					<cntinfo>
						<cntorgp>
							<cntorg>Center for Applied Spatial Ecology, NMCFWRU, NMSU</cntorg>
							<cntper>Kenneth Boykin</cntper>
						</cntorgp>
						<cntpos>Director</cntpos>
						<cntaddr>
							<addrtype>mailing and physical address</addrtype>
							<address>2980 S. Espina St., 105 Knox Hall,</address>
							<address>P.O. Box 30003, MSC 4901</address>
							<city>Las Cruces</city>
							<state>NM</state>
							<postal>88003</postal>
						</cntaddr>
						<cntvoice>(575) 646-6303</cntvoice>
						<cntfax>(575) 646-1281</cntfax>
						<cntemail>kboykin@nmsu.edu</cntemail>
						<cntinst>http://case.nmsu.edu/</cntinst>
					</cntinfo>
				</proccont>
			</procstep>
			<srcinfo>
				<typesrc>online</typesrc>
				<srccitea>GAP</srccitea>
				<srccontr>Species habitat models</srccontr>
				<srctime>
					<srccurr>publication date</srccurr>
					<timeinfo>
						<sngdate>
							<caldate>2001</caldate>
						</sngdate>
					</timeinfo>
				</srctime>
				<srccite>
					<citeinfo>
						<origin>U.S. Geological Survey Gap Analysis Project</origin>
						<title>U.S. Geological Survey Gap Analysis Project Species Distribution</title>
						<pubdate>20170503</pubdate>
						<pubinfo>
							<publish>U.S. Geological Survey Gap Analysis Project</publish>
							<pubplace>Idaho</pubplace>
						</pubinfo>
						<onlink>https://gapanalysis.usgs.gov/wp-content/uploads/2013/09/GAPSpeciesDistributionModelmetadata.pdf</onlink>
					</citeinfo>
				</srccite>
			</srcinfo>
		</lineage>
	</dataqual>
	<spref>
		<horizsys>
			<planar>
				<planci>
					<plance>coordinate pair</plance>
					<plandu>meters</plandu>
					<coordrep>
						<absres>0.000001</absres>
						<ordres>0.000001</ordres>
					</coordrep>
				</planci>
				<mapproj>
					<mapprojn>Albers Conical Equal Area</mapprojn>
					<albers>
						<stdparll>29.500000</stdparll>
						<stdparll>45.500000</stdparll>
						<longcm>-96.000000</longcm>
						<latprjo>23.000000</latprjo>
						<feast>0.000000</feast>
						<fnorth>0.000000</fnorth>
					</albers>
				</mapproj>
			</planar>
			<geodetic>
				<horizdn>North American Datum of 1983</horizdn>
				<ellips>Geodetic Reference System 80</ellips>
				<semiaxis>6378137.000000</semiaxis>
				<denflat>298.257222</denflat>
			</geodetic>
		</horizsys>
	</spref>
	<distinfo>
		<resdesc>Downloadable Data</resdesc>
		<distliab>https://edg.epa.gov/EPA_Data_License.html</distliab>
		<distrib>
			<cntinfo>
				<cntorgp>
					<cntorg>U.S. Environmental Protection Agency, Office of Research and Development-Sustainable and Healthy Communities Research Program, EnviroAtlas</cntorg>
					<cntper>EnviroAtlas Coordinator</cntper>
				</cntorgp>
				<cntpos>Geospatial Data Owner</cntpos>
				<cntaddr>
					<addrtype>mailing and physical address</addrtype>
					<address>109 T.W. Alexander Drive</address>
					<city>Research Triangle Park</city>
					<state>NC</state>
					<postal>27709</postal>
				</cntaddr>
				<cntvoice>(919) 541-3832</cntvoice>
				<cntemail>EnviroAtlas@epa.gov</cntemail>
				<cntinst>https://www.epa.gov/enviroatlas</cntinst>
			</cntinfo>
		</distrib>
	</distinfo>
	<metainfo>
		<metstdn>FGDC Content Standard for Digital Geospatial Metadata</metstdn>
		<metstdv>FGDC-STD-001-1998</metstdv>
		<metd>20170616</metd>
		<metfrd>20210616</metfrd>
		<metc>
			<cntinfo>
				<cntorgp>
					<cntorg>U.S. Environmental Protection Agency, Office of Research and Development-Sustainable and Healthy Communities Research Program, EnviroAtlas</cntorg>
					<cntper>EnviroAtlas Coordinator</cntper>
				</cntorgp>
				<cntpos>Geospatial Data Owner</cntpos>
				<cntaddr>
					<addrtype>mailing and physical address</addrtype>
					<address>109 T.W. Alexander Drive</address>
					<city>Research Triangle Park</city>
					<state>NC</state>
					<postal>27709</postal>
				</cntaddr>
				<cntvoice>(919) 541-3832</cntvoice>
				<cntemail>EnviroAtlas@epa.gov</cntemail>
				<cntinst>https://www.epa.gov/enviroatlas</cntinst>
			</cntinfo>
		</metc>
	</metainfo>
	<mdDateSt>20170426</mdDateSt>
	<eainfo>
		<detailed>
			<enttyp>
				<enttypl>Biodiversity_Metrics_2017</enttypl>
				<enttypd>Table of Biodiversity Metrics summarized to the 12-digit HUC</enttypd>
				<enttypds>NMSU</enttypds>
			</enttyp>
			<attr>
				<attrlabl>HUC_12</attrlabl>
				<attrdef>Twelve Digit Hydrologic Unit Code. This field provides a unique 12-digit code for each subwatershed. Numbers were assigned in an upstream to downstream fashion. Where no downstream/upstream relationship could be determined, numbers were assigned in a clockwise fashion.</attrdef>
				<attrdefs>Federal Guidelines, Requirements, and Procedures for the National Watershed Boundary Dataset; Chapter 3 of Section A; Federal Standards, Book 11, Collection and Delineation of Spatial Data; Techniques and Methods 11-A3.</attrdefs>
				<attrdomv>
					<rdom>
						<rdommin>010000000000</rdommin>
						<rdommax>999999999999</rdommax>
					</rdom>
				</attrdomv>
			</attr>
			<attr>
				<attrlabl>TerrVert_Max</attrlabl>
				<attrdef>Total Terrestrial Vertebrate Species Maximum - Maximum number of modeled terrestrial vertebrate species (amphibians, birds, mammals, reptiles) within each 12-Digit HUC, as measured by predicted habitat present within a pixel.</attrdef>
				<attrdefs>NMSU</attrdefs>
				<attrdomv>
					<rdom>
						<rdommin>0</rdommin>
						<rdommax>277</rdommax>
					</rdom>
				</attrdomv>
			</attr>
			<attr>
				<attrlabl>TerrVert_Mean</attrlabl>
				<attrdef>Total Terrestrial Vertebrate Species Mean - Mean number of modeled terrestrial vertebrate species (amphibians, birds, mammals, reptiles) within each 12-Digit HUC, as measured by predicted habitat present within a pixel.</attrdef>
				<attrdefs>NMSU</attrdefs>
				<attrdomv>
					<rdom>
						<rdommin>0</rdommin>
						<rdommax>214.41</rdommax>
					</rdom>
				</attrdomv>
			</attr>
			<attr>
				<attrlabl>TerrVert_NIB</attrlabl>
				<attrdef>Total Terrestrial Vertebrate Species Normalized Index of Biodiversity - calculated as the Mean number of modeled terrestrial vertebrate species (amphibians, birds, mammals, reptiles) within each 12-Digit HUC divided by the highest mean value in any HUC across the US.</attrdef>
				<attrdefs>NMSU</attrdefs>
				<attrdomv>
					<rdom>
						<rdommin>0</rdommin>
						<rdommax>1</rdommax>
					</rdom>
				</attrdomv>
			</attr>
			<attr>
				<attrlabl>Amph_Max</attrlabl>
				<attrdef>Amphibian Species Maximum - Maximum number of modeled amphibians within each 12-Digit HUC, as measured by predicted habitat present within a pixel.</attrdef>
				<attrdefs>NMSU</attrdefs>
				<attrdomv>
					<rdom>
						<rdommin>0</rdommin>
						<rdommax>42</rdommax>
					</rdom>
				</attrdomv>
			</attr>
			<attr>
				<attrlabl>Amph_Mean</attrlabl>
				<attrdef>Amphibian Species Mean - Mean number of modeled amphibians within each 12-Digit HUC, as measured by predicted habitat present within a pixel.</attrdef>
				<attrdefs>NMSU</attrdefs>
				<attrdomv>
					<rdom>
						<rdommin>0</rdommin>
						<rdommax>26.65</rdommax>
					</rdom>
				</attrdomv>
			</attr>
			<attr>
				<attrlabl>Amph_NIB</attrlabl>
				<attrdef>Amphibian Species Normalized Index of Biodiversity - calculated as the Mean number of modeled amphibians within each 12-Digit HUC divided by the highest mean value in any HUC across the US.</attrdef>
				<attrdefs>NMSU</attrdefs>
				<attrdomv>
					<rdom>
						<rdommin>0</rdommin>
						<rdommax>1</rdommax>
					</rdom>
				</attrdomv>
			</attr>
			<attr>
				<attrlabl>Bird_Max</attrlabl>
				<attrdef>Bird Species Maximum - Maximum number of modeled birds within each 12-Digit HUC, as measured by predicted habitat present within a pixel.</attrdef>
				<attrdefs>NMSU</attrdefs>
				<attrdomv>
					<rdom>
						<rdommin>0</rdommin>
						<rdommax>163</rdommax>
					</rdom>
				</attrdomv>
			</attr>
			<attr>
				<attrlabl>Bird_Mean</attrlabl>
				<attrdef>Bird Species Mean - Mean number of modeled birds within each 12-Digit HUC, as measured by predicted habitat present within a pixel.</attrdef>
				<attrdefs>NMSU</attrdefs>
				<attrdomv>
					<rdom>
						<rdommin>0</rdommin>
						<rdommax>109.28</rdommax>
					</rdom>
				</attrdomv>
			</attr>
			<attr>
				<attrlabl>Bird_NIB</attrlabl>
				<attrdef>Bird Species Normalized Index of Biodiversity - calculated as the Mean number of modeled birds within each 12-Digit HUC divided by the highest mean value in any HUC across the US.</attrdef>
				<attrdefs>NMSU</attrdefs>
				<attrdomv>
					<rdom>
						<rdommin>0</rdommin>
						<rdommax>1</rdommax>
					</rdom>
				</attrdomv>
			</attr>
			<attr>
				<attrlabl>Mam_Max</attrlabl>
				<attrdef>Mammal Species Maximum - Maximum number of modeled mammals within each 12-Digit HUC, as measured by predicted habitat present within a pixel.</attrdef>
				<attrdefs>NMSU</attrdefs>
				<attrdomv>
					<rdom>
						<rdommin>0</rdommin>
						<rdommax>72</rdommax>
					</rdom>
				</attrdomv>
			</attr>
			<attr>
				<attrlabl>Mam_Mean</attrlabl>
				<attrdef>Mammal Species Mean - Mean number of modeled mammals within each 12-Digit HUC, as measured by predicted habitat present within a pixel.</attrdef>
				<attrdefs>NMSU</attrdefs>
				<attrdomv>
					<rdom>
						<rdommin>0</rdommin>
						<rdommax>65.42</rdommax>
					</rdom>
				</attrdomv>
			</attr>
			<attr>
				<attrlabl>Mam_NIB</attrlabl>
				<attrdef>Mammal Species Normalized Index of Biodiversity - calculated as the Mean number of modeled mammals within each 12-Digit HUC divided by the highest mean value in any HUC across the US.</attrdef>
				<attrdefs>NMSU</attrdefs>
				<attrdomv>
					<rdom>
						<rdommin>0</rdommin>
						<rdommax>1</rdommax>
					</rdom>
				</attrdomv>
			</attr>
			<attr>
				<attrlabl>Rep_All_Max</attrlabl>
				<attrdef>Reptile Species Maximum - Maximum number of modeled reptiles within each 12-Digit HUC, as measured by predicted habitat present within a pixel.</attrdef>
				<attrdefs>NMSU</attrdefs>
				<attrdomv>
					<rdom>
						<rdommin>0</rdommin>
						<rdommax>54</rdommax>
					</rdom>
				</attrdomv>
			</attr>
			<attr>
				<attrlabl>Rep_All_Mean</attrlabl>
				<attrdef>Reptile Species Mean - Mean number of modeled reptiles within each 12-Digit HUC, as measured by predicted habitat present within a pixel.</attrdef>
				<attrdefs>NMSU</attrdefs>
				<attrdomv>
					<rdom>
						<rdommin>0</rdommin>
						<rdommax>50.34</rdommax>
					</rdom>
				</attrdomv>
			</attr>
			<attr>
				<attrlabl>Rep_All_NIB</attrlabl>
				<attrdef>Reptile Species Normalized Index of Biodiversity - calculated as the Mean number of modeled reptiles within each 12-Digit HUC divided by the highest mean value in any HUC across the US.</attrdef>
				<attrdefs>NMSU</attrdefs>
				<attrdomv>
					<rdom>
						<rdommin>0</rdommin>
						<rdommax>1</rdommax>
					</rdom>
				</attrdomv>
			</attr>
			<attr>
				<attrlabl>Bird_Summer_Max</attrlabl>
				<attrdef>Summering Bird Species Maximum - Maximum number of modeled summering birds within each 12-Digit HUC, as measured by predicted summer habitat present within a pixel.</attrdef>
				<attrdefs>NMSU</attrdefs>
				<attrdomv>
					<rdom>
						<rdommin>0</rdommin>
						<rdommax>127</rdommax>
					</rdom>
				</attrdomv>
			</attr>
			<attr>
				<attrlabl>Bird_Summer_Mean</attrlabl>
				<attrdef>Summering Bird Species Mean - Mean number of modeled Summering Birds within each 12-Digit HUC, as measured by predicted summer habitat present within a pixel.</attrdef>
				<attrdefs>NMSU</attrdefs>
				<attrdomv>
					<rdom>
						<rdommin>0</rdommin>
						<rdommax>93.95</rdommax>
					</rdom>
				</attrdomv>
			</attr>
			<attr>
				<attrlabl>Bird_Summer_NIB</attrlabl>
				<attrdef>Summering Bird Species Normalized Index of Biodiversity - calculated as the Mean number of modeled Summering Birds within each 12-Digit HUC divided by the highest mean value in any HUC across the US.</attrdef>
				<attrdefs>NMSU</attrdefs>
				<attrdomv>
					<rdom>
						<rdommin>0</rdommin>
						<rdommax>1</rdommax>
					</rdom>
				</attrdomv>
			</attr>
			<attr>
				<attrlabl>Bird_Winter_Max</attrlabl>
				<attrdef>Wintering Bird Species Maximum - Maximum number of modeled Wintering Birds within each 12-Digit HUC, as measured by predicted winter habitat present within a pixel.</attrdef>
				<attrdefs>NMSU</attrdefs>
				<attrdomv>
					<rdom>
						<rdommin>0</rdommin>
						<rdommax>143</rdommax>
					</rdom>
				</attrdomv>
			</attr>
			<attr>
				<attrlabl>Bird_Winter_Mean</attrlabl>
				<attrdef>Wintering Bird Species Mean - Mean number of modeled Wintering Birds within each 12-Digit HUC, as measured by predicted winter habitat present within a pixel.</attrdef>
				<attrdefs>NMSU</attrdefs>
				<attrdomv>
					<rdom>
						<rdommin>0</rdommin>
						<rdommax>87.28</rdommax>
					</rdom>
				</attrdomv>
			</attr>
			<attr>
				<attrlabl>Bird_Winter_NIB</attrlabl>
				<attrdef>Wintering Bird Species Normalized Index of Biodiversity - calculated as the Mean number of modeled Wintering Birds within each 12-Digit HUC divided by the highest mean value in any HUC across the US.</attrdef>
				<attrdefs>NMSU</attrdefs>
				<attrdomv>
					<rdom>
						<rdommin>0</rdommin>
						<rdommax>1</rdommax>
					</rdom>
				</attrdomv>
			</attr>
			<attr>
				<attrlabl>TerrVert_Rare_Max</attrlabl>
				<attrdef>Rare Terrestrial Species Maximum - Maximum number of terrestrial species that are within the lowest quartile of modeled habitat within the US for each 12-Digit HUC.</attrdef>
				<attrdefs>NMSU</attrdefs>
				<attrdomv>
					<rdom>
						<rdommin>0</rdommin>
						<rdommax>26</rdommax>
					</rdom>
				</attrdomv>
			</attr>
			<attr>
				<attrlabl>TerrVert_Rare_Mean</attrlabl>
				<attrdef>Rare Terrestrial Species Mean - Mean number of terrestrial species that are within the lowest quartile of modeled habitat within the US for each 12-Digit HUC.</attrdef>
				<attrdefs>NMSU</attrdefs>
				<attrdomv>
					<rdom>
						<rdommin>0</rdommin>
						<rdommax>10.27</rdommax>
					</rdom>
				</attrdomv>
			</attr>
			<attr>
				<attrlabl>TerrVert_Rare_NIB</attrlabl>
				<attrdef>Rare Terrestrial Species Normalized Index of Biodiversity - calculated as the mean of terrestrial species that are within the lowest quartile of modeled habitat within each 12-Digit HUC divided by the highest mean value in any HUC across the US.</attrdef>
				<attrdefs>NMSU</attrdefs>
				<attrdomv>
					<rdom>
						<rdommin>0</rdommin>
						<rdommax>1</rdommax>
					</rdom>
				</attrdomv>
			</attr>
			<attr>
				<attrlabl>Amph_Rare_Max</attrlabl>
				<attrdef>Rare Amphibian Species Maximum - Maximum number of Amphibian species that are within the lowest quartile of modeled habitat within the US for each 12-Digit HUC.</attrdef>
				<attrdefs>NMSU</attrdefs>
				<attrdomv>
					<rdom>
						<rdommin>0</rdommin>
						<rdommax>4</rdommax>
					</rdom>
				</attrdomv>
			</attr>
			<attr>
				<attrlabl>Amph_Rare_Mean</attrlabl>
				<attrdef>Rare Amphibian Species Mean - Mean number of Amphibian species that are within the lowest quartile of modeled habitat within the US for each 12-Digit HUC.</attrdef>
				<attrdefs>NMSU</attrdefs>
				<attrdomv>
					<rdom>
						<rdommin>0</rdommin>
						<rdommax>1.85</rdommax>
					</rdom>
				</attrdomv>
			</attr>
			<attr>
				<attrlabl>Amph_Rare_NIB</attrlabl>
				<attrdef>Rare Amphibian Species Normalized Index of Biodiversity - calculated as the mean of Amphibian species that are within the lowest quartile of modeled habitat within each 12-Digit HUC divided by the highest mean value in any HUC across the US.</attrdef>
				<attrdefs>NMSU</attrdefs>
				<attrdomv>
					<rdom>
						<rdommin>0</rdommin>
						<rdommax>1</rdommax>
					</rdom>
				</attrdomv>
			</attr>
			<attr>
				<attrlabl>Bird_Rare_Max</attrlabl>
				<attrdef>Rare Bird Species Maximum - Maximum number of Bird species that are within the lowest quartile of modeled habitat within the US for each 12-Digit HUC.</attrdef>
				<attrdefs>NMSU</attrdefs>
				<attrdomv>
					<rdom>
						<rdommin>0</rdommin>
						<rdommax>24</rdommax>
					</rdom>
				</attrdomv>
			</attr>
			<attr>
				<attrlabl>Bird_Rare_Mean</attrlabl>
				<attrdef>Rare Bird Species Mean - Mean number of Bird species that are within the lowest quartile of modeled habitat within the US for each 12-Digit HUC.</attrdef>
				<attrdefs>NMSU</attrdefs>
				<attrdomv>
					<rdom>
						<rdommin>0</rdommin>
						<rdommax>15.42</rdommax>
					</rdom>
				</attrdomv>
			</attr>
			<attr>
				<attrlabl>Bird_Rare_NIB</attrlabl>
				<attrdef>Rare Bird Species Normalized Index of Biodiversity - calculated as the mean of Bird species that are within the lowest quartile of modeled habitat within each 12-Digit HUC divided by the highest mean value in any HUC across the US.</attrdef>
				<attrdefs>NMSU</attrdefs>
				<attrdomv>
					<rdom>
						<rdommin>0</rdommin>
						<rdommax>1</rdommax>
					</rdom>
				</attrdomv>
			</attr>
			<attr>
				<attrlabl>Mam_Rare_Max</attrlabl>
				<attrdef>Rare Mammal Species Maximum - Maximum number of Mammal species that are within the lowest quartile of modeled habitat within the US for each 12-Digit HUC.</attrdef>
				<attrdefs>NMSU</attrdefs>
				<attrdomv>
					<rdom>
						<rdommin>0</rdommin>
						<rdommax>7</rdommax>
					</rdom>
				</attrdomv>
			</attr>
			<attr>
				<attrlabl>Mam_Rare_Mean</attrlabl>
				<attrdef>Rare Mammal Species Mean - Mean number of Mammal species that are within the lowest quartile of modeled habitat within the US for each 12-Digit HUC.</attrdef>
				<attrdefs>NMSU</attrdefs>
				<attrdomv>
					<rdom>
						<rdommin>0</rdommin>
						<rdommax>5</rdommax>
					</rdom>
				</attrdomv>
			</attr>
			<attr>
				<attrlabl>Mam_Rare_NIB</attrlabl>
				<attrdef>Rare Mammal Species Normalized Index of Biodiversity - calculated as the mean of Mammal species that are within the lowest quartile of modeled habitat within each 12-Digit HUC divided by the highest mean value in any HUC across the US.</attrdef>
				<attrdefs>NMSU</attrdefs>
				<attrdomv>
					<rdom>
						<rdommin>0</rdommin>
						<rdommax>1</rdommax>
					</rdom>
				</attrdomv>
			</attr>
			<attr>
				<attrlabl>Rep_Rare_Max</attrlabl>
				<attrdef>Rare Reptile Species Maximum - Maximum number of Reptile species that are within the lowest quartile of modeled habitat within the US for each 12-Digit HUC.</attrdef>
				<attrdefs>NMSU</attrdefs>
				<attrdomv>
					<rdom>
						<rdommin>0</rdommin>
						<rdommax>9</rdommax>
					</rdom>
				</attrdomv>
			</attr>
			<attr>
				<attrlabl>Rep_Rare_Mean</attrlabl>
				<attrdef>Rare Reptile Species Mean - Mean number of Reptile species that are within the lowest quartile of modeled habitat within the US for each 12-Digit HUC.</attrdef>
				<attrdefs>NMSU</attrdefs>
				<attrdomv>
					<rdom>
						<rdommin>0</rdommin>
						<rdommax>6.289</rdommax>
					</rdom>
				</attrdomv>
			</attr>
			<attr>
				<attrlabl>Rep_Rare_NIB</attrlabl>
				<attrdef>Rare Reptile Species Normalized Index of Biodiversity - calculated as the mean of Reptile species that are within the lowest quartile of modeled habitat within each 12-Digit HUC divided by the highest mean value in any HUC across the US.</attrdef>
				<attrdefs>NMSU</attrdefs>
				<attrdomv>
					<rdom>
						<rdommin>0</rdommin>
						<rdommax>1</rdommax>
					</rdom>
				</attrdomv>
			</attr>
			<attr>
				<attrlabl>Harv_Max</attrlabl>
				<attrdef>Species regulated through specific license sales by State Wildlife Agencies - Maximum number of modeled harvestable species within each 12-Digit HUC, as measured by predicted habitat present within a pixel.</attrdef>
				<attrdefs>NMSU</attrdefs>
				<attrdomv>
					<rdom>
						<rdommin>0</rdommin>
						<rdommax>47</rdommax>
					</rdom>
				</attrdomv>
			</attr>
			<attr>
				<attrlabl>Harv_Mean</attrlabl>
				<attrdef>Species regulated through specific license sales by State Wildlife Agencies - Mean number of modeled harvestable species within each 12-Digit HUC, as measured by predicted habitat present within a pixel.</attrdef>
				<attrdefs>NMSU</attrdefs>
				<attrdomv>
					<rdom>
						<rdommin>0</rdommin>
						<rdommax>31.36</rdommax>
					</rdom>
				</attrdomv>
			</attr>
			<attr>
				<attrlabl>Harv_NIB</attrlabl>
				<attrdef>Species regulated through specific license sales by State Wildlife Agencies - calculated as the Mean number of modeled harvestable species within each 12-Digit HUC divided by the highest mean value in any HUC across the US.</attrdef>
				<attrdefs>NMSU</attrdefs>
				<attrdomv>
					<rdom>
						<rdommin>0</rdommin>
						<rdommax>1</rdommax>
					</rdom>
				</attrdomv>
			</attr>
			<attr>
				<attrlabl>BigGa_Max</attrlabl>
				<attrdef>Big Game Species regulated by State Wildlife Agencies - Maximum number of modeled species within each 12-Digit HUC, as measured by predicted habitat present within a pixel.</attrdef>
				<attrdefs>NMSU</attrdefs>
				<attrdomv>
					<rdom>
						<rdommin>0</rdommin>
						<rdommax>43</rdommax>
					</rdom>
				</attrdomv>
			</attr>
			<attr>
				<attrlabl>BigGa_Mean</attrlabl>
				<attrdef>Big Game Species regulated by State Wildlife Agencies - Mean number of modeled species within each 12-Digit HUC, as measured by predicted habitat present within a pixel.</attrdef>
				<attrdefs>NMSU</attrdefs>
				<attrdomv>
					<rdom>
						<rdommin>0</rdommin>
						<rdommax>7.574</rdommax>
					</rdom>
				</attrdomv>
			</attr>
			<attr>
				<attrlabl>BigGa_NIB</attrlabl>
				<attrdef>Big Game Species regulated by State Wildlife Agencies - calculated as the Mean number of modeled big game species within each 12-Digit HUC divided by the highest mean value in any HUC across the US.</attrdef>
				<attrdefs>NMSU</attrdefs>
				<attrdomv>
					<rdom>
						<rdommin>0</rdommin>
						<rdommax>1</rdommax>
					</rdom>
				</attrdomv>
			</attr>
			<attr>
				<attrlabl>Furb_Max</attrlabl>
				<attrdef>Furbearing Species regulated by State Wildlife Agencies - Maximum number of modeled species within each 12-Digit HUC, as measured by predicted habitat present within a pixel.</attrdef>
				<attrdefs>NMSU</attrdefs>
				<attrdomv>
					<rdom>
						<rdommin>0</rdommin>
						<rdommax>22</rdommax>
					</rdom>
				</attrdomv>
			</attr>
			<attr>
				<attrlabl>Furb_Mean</attrlabl>
				<attrdef>Furbearing Species regulated by State Wildlife Agencies - Mean number of modeled species within each 12-Digit HUC, as measured by predicted habitat present within a pixel.</attrdef>
				<attrdefs>NMSU</attrdefs>
				<attrdomv>
					<rdom>
						<rdommin>0</rdommin>
						<rdommax>16.31</rdommax>
					</rdom>
				</attrdomv>
			</attr>
			<attr>
				<attrlabl>Furb_NIB</attrlabl>
				<attrdef>Furbearing Species regulated by State Wildlife Agencies - calculated as the Mean number of modeled furbearing species within each 12-Digit HUC divided by the highest mean value in any HUC across the US.</attrdef>
				<attrdefs>NMSU</attrdefs>
				<attrdomv>
					<rdom>
						<rdommin>0</rdommin>
						<rdommax>1</rdommax>
					</rdom>
				</attrdomv>
			</attr>
			<attr>
				<attrlabl>SMGA_Max</attrlabl>
				<attrdef>Small Game and Upland Game Species regulated by State Wildlife Agencies - Maximum number of modeled species within each 12-Digit HUC, as measured by predicted habitat present within a pixel.</attrdef>
				<attrdefs>NMSU</attrdefs>
				<attrdomv>
					<rdom>
						<rdommin>0</rdommin>
						<rdommax>32</rdommax>
					</rdom>
				</attrdomv>
			</attr>
			<attr>
				<attrlabl>SMGA_Mean</attrlabl>
				<attrdef>Small Game and Upland Game Species regulated by State Wildlife Agencies - Mean number of modeled species within each 12-Digit HUC, as measured by predicted habitat present within a pixel.</attrdef>
				<attrdefs>NMSU</attrdefs>
				<attrdomv>
					<rdom>
						<rdommin>0</rdommin>
						<rdommax>25.58</rdommax>
					</rdom>
				</attrdomv>
			</attr>
			<attr>
				<attrlabl>SMGA_NIB</attrlabl>
				<attrdef>Small Game and Upland Game Species regulated by State Wildlife Agencies - calculated as the Mean number of modeled small game species within each 12-Digit HUC divided by the highest mean value in any HUC across the US.</attrdef>
				<attrdefs>NMSU</attrdefs>
				<attrdomv>
					<rdom>
						<rdommin>0</rdommin>
						<rdommax>1</rdommax>
					</rdom>
				</attrdomv>
			</attr>
			<attr>
				<attrlabl>wtfl_Max</attrlabl>
				<attrdef>Waterfowl Species regulated by State Wildlife Agencies - Maximum number of modeled species within each 12-Digit HUC, as measured by predicted habitat present within a pixel.</attrdef>
				<attrdefs>NMSU</attrdefs>
				<attrdomv>
					<rdom>
						<rdommin>0</rdommin>
						<rdommax>30</rdommax>
					</rdom>
				</attrdomv>
			</attr>
			<attr>
				<attrlabl>wtfl_Mean</attrlabl>
				<attrdef>Waterfowl Species regulated by State Wildlife Agencies - Mean number of modeled species within each 12-Digit HUC, as measured by predicted habitat present within a pixel.</attrdef>
				<attrdefs>NMSU</attrdefs>
				<attrdomv>
					<rdom>
						<rdommin>0</rdommin>
						<rdommax>17.86</rdommax>
					</rdom>
				</attrdomv>
			</attr>
			<attr>
				<attrlabl>wtfl_NIB</attrlabl>
				<attrdef>Waterfowl Species regulated by State Wildlife Agencies - calculated as the Mean number of modeled waterfowl species within each 12-Digit HUC divided by the highest mean value in any HUC across the US.</attrdef>
				<attrdefs>NMSU</attrdefs>
				<attrdomv>
					<rdom>
						<rdommin>0</rdommin>
						<rdommax>1</rdommax>
					</rdom>
				</attrdomv>
			</attr>
			<attr>
				<attrlabl>TE_Max</attrlabl>
				<attrdef>Species listed as Federally Threatened or Endangered under ESA - Maximum number of modeled species within each 12-Digit HUC, as measured by predicted habitat present within a pixel.</attrdef>
				<attrdefs>NMSU</attrdefs>
				<attrdomv>
					<rdom>
						<rdommin>0</rdommin>
						<rdommax>8</rdommax>
					</rdom>
				</attrdomv>
			</attr>
			<attr>
				<attrlabl>TE_Mean</attrlabl>
				<attrdef>Species listed as Federally Threatened or Endangered under ESA - Mean number of modeled species within each 12-Digit HUC, as measured by predicted habitat present within a pixel.</attrdef>
				<attrdefs>NMSU</attrdefs>
				<attrdomv>
					<rdom>
						<rdommin>0</rdommin>
						<rdommax>6</rdommax>
					</rdom>
				</attrdomv>
			</attr>
			<attr>
				<attrlabl>TE_NIB</attrlabl>
				<attrdef>Species listed as Federally Threatened or Endangered under ESA - calculated as the Mean number of modeled threatened or endangered species within each 12-Digit HUC divided by the highest mean value in any HUC across the US.</attrdef>
				<attrdefs>NMSU</attrdefs>
				<attrdomv>
					<rdom>
						<rdommin>0</rdommin>
						<rdommax>1</rdommax>
					</rdom>
				</attrdomv>
			</attr>
			<attr>
				<attrlabl>G1G2G3_Spec_Max</attrlabl>
				<attrdef>Species listed G1, G2, G3 by NatureServe - Maximum number of modeled species within each 12-Digit HUC, as measured by predicted habitat present within a pixel.</attrdef>
				<attrdefs>NMSU</attrdefs>
				<attrdomv>
					<rdom>
						<rdommin>0</rdommin>
						<rdommax>14</rdommax>
					</rdom>
				</attrdomv>
			</attr>
			<attr>
				<attrlabl>G1G2G3_Spec_Mean</attrlabl>
				<attrdef>Species listed G1, G2, G3 by NatureServe - Mean number of modeled species within each 12-Digit HUC, as measured by predicted habitat present within a pixel.</attrdef>
				<attrdefs>NMSU</attrdefs>
				<attrdomv>
					<rdom>
						<rdommin>0</rdommin>
						<rdommax>7.63</rdommax>
					</rdom>
				</attrdomv>
			</attr>
			<attr>
				<attrlabl>G1G2G3_Spec_NIB</attrlabl>
				<attrdef>Species listed G1, G2, G3 by NatureServe - calculated as the Mean number of modeled species within each 12-Digit HUC divided by the highest mean value in any HUC across the US.</attrdef>
				<attrdefs>NMSU</attrdefs>
				<attrdomv>
					<rdom>
						<rdommin>0</rdommin>
						<rdommax>1</rdommax>
					</rdom>
				</attrdomv>
			</attr>
			<attr>
				<attrlabl>IUCN_End_Max</attrlabl>
				<attrdef>Species listed as Endangered by the IUCN (International Union for Conservation of Nature) - Maximum number of modeled species within each 12-Digit HUC, as measured by predicted habitat present within a pixel.</attrdef>
				<attrdefs>NMSU</attrdefs>
				<attrdomv>
					<rdom>
						<rdommin>0</rdommin>
						<rdommax>8</rdommax>
					</rdom>
				</attrdomv>
			</attr>
			<attr>
				<attrlabl>IUCN_End_Mean</attrlabl>
				<attrdef>Species listed as Endangered by the IUCN (International Union for Conservation of Nature) - Mean number of modeled species within each 12-Digit HUC, as measured by predicted habitat present within a pixel.</attrdef>
				<attrdefs>NMSU</attrdefs>
				<attrdomv>
					<rdom>
						<rdommin>0</rdommin>
						<rdommax>5.69</rdommax>
					</rdom>
				</attrdomv>
			</attr>
			<attr>
				<attrlabl>IUCN_End_NIB</attrlabl>
				<attrdef>Species listed as Endangered by the IUCN (International Union for Conservation of Nature) - calculated as the Mean number of modeled species within each 12-Digit HUC divided by the highest mean value in any HUC across the US.</attrdef>
				<attrdefs>NMSU</attrdefs>
				<attrdomv>
					<rdom>
						<rdommin>0</rdommin>
						<rdommax>1</rdommax>
					</rdom>
				</attrdomv>
			</attr>
			<attr>
				<attrlabl>Bird_BCC_Max</attrlabl>
				<attrdef>Species listed as Conservation Concern in State of the Birds 2016 - Maximum number of modeled species within each 12-Digit HUC, as measured by predicted habitat present within a pixel.</attrdef>
				<attrdefs>NMSU</attrdefs>
				<attrdomv>
					<rdom>
						<rdommin>0</rdommin>
						<rdommax>22</rdommax>
					</rdom>
				</attrdomv>
			</attr>
			<attr>
				<attrlabl>Bird_BCC_Mean</attrlabl>
				<attrdef>Species listed as Conservation Concern in State of the Birds 2016 - Mean number of modeled species within each 12-Digit HUC, as measured by predicted habitat present within a pixel.</attrdef>
				<attrdefs>NMSU</attrdefs>
				<attrdomv>
					<rdom>
						<rdommin>0</rdommin>
						<rdommax>14.76</rdommax>
					</rdom>
				</attrdomv>
			</attr>
			<attr>
				<attrlabl>Bird_BCC_NIB</attrlabl>
				<attrdef>Species listed as Conservation Concern in State of the Birds 2016 - calculated as the Mean number of modeled species within each 12-Digit HUC divided by the highest mean value in any HUC across the US.</attrdef>
				<attrdefs>NMSU</attrdefs>
				<attrdomv>
					<rdom>
						<rdommin>0</rdommin>
						<rdommax>1</rdommax>
					</rdom>
				</attrdomv>
			</attr>
			<attr>
				<attrlabl>Bird_PIF_Max</attrlabl>
				<attrdef>Species listed by Partners in Flight - Maximum number of modeled species within each 12-Digit HUC, as measured by predicted habitat present within a pixel.</attrdef>
				<attrdefs>NMSU</attrdefs>
				<attrdomv>
					<rdom>
						<rdommin>0</rdommin>
						<rdommax>15</rdommax>
					</rdom>
				</attrdomv>
			</attr>
			<attr>
				<attrlabl>Bird_PIF_Mean</attrlabl>
				<attrdef>Species listed by Partners in Flight - Mean number of modeled species within each 12-Digit HUC, as measured by predicted habitat present within a pixel.</attrdef>
				<attrdefs>NMSU</attrdefs>
				<attrdomv>
					<rdom>
						<rdommin>0</rdommin>
						<rdommax>10.69</rdommax>
					</rdom>
				</attrdomv>
			</attr>
			<attr>
				<attrlabl>Bird_PIF_NIB</attrlabl>
				<attrdef>Species listed by Partners in Flight - calculated as the Mean number of modeled species within each 12-Digit HUC divided by the highest mean value in any HUC across the US.</attrdef>
				<attrdefs>NMSU</attrdefs>
				<attrdomv>
					<rdom>
						<rdommin>0</rdommin>
						<rdommax>1</rdommax>
					</rdom>
				</attrdomv>
			</attr>
			<attr>
				<attrlabl>PIF_CSD_Max</attrlabl>
				<attrdef>Species listed by Partners in Flight as common species in steep decline - Maximum number of modeled species within each 12-Digit HUC, as measured by predicted habitat present within a pixel.</attrdef>
				<attrdefs>NMSU</attrdefs>
				<attrdomv>
					<rdom>
						<rdommin>0</rdommin>
						<rdommax>16</rdommax>
					</rdom>
				</attrdomv>
			</attr>
			<attr>
				<attrlabl>PIF_CSD_Mean</attrlabl>
				<attrdef>Species listed by Partners in Flight as common species in steep decline - Mean number of modeled species within each 12-Digit HUC, as measured by predicted habitat present within a pixel.</attrdef>
				<attrdefs>NMSU</attrdefs>
				<attrdomv>
					<rdom>
						<rdommin>0</rdommin>
						<rdommax>12.83</rdommax>
					</rdom>
				</attrdomv>
			</attr>
			<attr>
				<attrlabl>PIF_CSD_NIB</attrlabl>
				<attrdef>Species listed by Partners in Flight as common species in steep decline - calculated as the Mean number of modeled species within each 12-Digit HUC divided by the highest mean value in any HUC across the US.</attrdef>
				<attrdefs>NMSU</attrdefs>
				<attrdomv>
					<rdom>
						<rdommin>0</rdommin>
						<rdommax>1</rdommax>
					</rdom>
				</attrdomv>
			</attr>
			<attr>
				<attrlabl>Bird_Aud_end_Max</attrlabl>
				<attrdef>Species listed as Climate-Endangered by analysis conducted by Audubon Society - Maximum number of modeled species within each 12-Digit HUC, as measured by predicted habitat present within a pixel.</attrdef>
				<attrdefs>NMSU</attrdefs>
				<attrdomv>
					<rdom>
						<rdommin>0</rdommin>
						<rdommax>48</rdommax>
					</rdom>
				</attrdomv>
			</attr>
			<attr>
				<attrlabl>Bird_Aud_end_Mean</attrlabl>
				<attrdef>Species listed as Climate-Endangered by analysis conducted by Audubon Society - Mean number of modeled species within each 12-Digit HUC, as measured by predicted habitat present within a pixel.</attrdef>
				<attrdefs>NMSU</attrdefs>
				<attrdomv>
					<rdom>
						<rdommin>0</rdommin>
						<rdommax>34.67</rdommax>
					</rdom>
				</attrdomv>
			</attr>
			<attr>
				<attrlabl>Bird_Aud_end_NIB</attrlabl>
				<attrdef>Species listed as Climate-Endangered by analysis conducted by Audubon Society- calculated as the Mean number of modeled species within each 12-Digit HUC divided by the highest mean value in any HUC across the US.</attrdef>
				<attrdefs>NMSU</attrdefs>
				<attrdomv>
					<rdom>
						<rdommin>0</rdommin>
						<rdommax>1</rdommax>
					</rdom>
				</attrdomv>
			</attr>
			<attr>
				<attrlabl>Bird_Aud_thr_Max</attrlabl>
				<attrdef>Species listed as Climate-Threatened by analysis conducted by Audubon Society - Maximum number of modeled species within each 12-Digit HUC, as measured by predicted habitat present within a pixel.</attrdef>
				<attrdefs>NMSU</attrdefs>
				<attrdomv>
					<rdom>
						<rdommin>0</rdommin>
						<rdommax>43</rdommax>
					</rdom>
				</attrdomv>
			</attr>
			<attr>
				<attrlabl>Bird_Aud_thr_Mean</attrlabl>
				<attrdef>Species listed as Climate-Threatened by analysis conducted by Audubon Society - Mean number of modeled species within each 12-Digit HUC, as measured by predicted habitat present within a pixel.</attrdef>
				<attrdefs>NMSU</attrdefs>
				<attrdomv>
					<rdom>
						<rdommin>0</rdommin>
						<rdommax>33.00</rdommax>
					</rdom>
				</attrdomv>
			</attr>
			<attr>
				<attrlabl>Bird_Aud_thr_NIB</attrlabl>
				<attrdef>Species listed as Climate-Threatened by analysis conducted by Audubon Society - calculated as the Mean number of modeled species within each 12-Digit HUC divided by the highest mean value in any HUC across the US.</attrdef>
				<attrdefs>NMSU</attrdefs>
				<attrdomv>
					<rdom>
						<rdommin>0</rdommin>
						<rdommax>1</rdommax>
					</rdom>
				</attrdomv>
			</attr>
			<attr>
				<attrlabl>PARC_Max</attrlabl>
				<attrdef>PARC Reptile or Amphibian Species listed as either T&amp;E, G1-G3 or IUCN - Maximum number of modeled species within each 12-Digit HUC, as measured by predicted habitat present within a pixel.</attrdef>
				<attrdefs>NMSU</attrdefs>
				<attrdomv>
					<rdom>
						<rdommin>0</rdommin>
						<rdommax>9</rdommax>
					</rdom>
				</attrdomv>
			</attr>
			<attr>
				<attrlabl>PARC_Mean</attrlabl>
				<attrdef>PARC Reptile or Amphibian Species listed as either T&amp;E, G1-G3 or IUCN - Mean number of modeled species within each 12-Digit HUC, as measured by predicted habitat present within a pixel.</attrdef>
				<attrdefs>NMSU</attrdefs>
				<attrdomv>
					<rdom>
						<rdommin>0</rdommin>
						<rdommax>5.04</rdommax>
					</rdom>
				</attrdomv>
			</attr>
			<attr>
				<attrlabl>PARC_NIB</attrlabl>
				<attrdef>PARC Reptile or Amphibian Species listed as either T&amp;E, G1-G3 or IUCN - calculated as the Mean number of modeled species within each 12-Digit HUC divided by the highest mean value in any HUC across the US.</attrdef>
				<attrdefs>NMSU</attrdefs>
				<attrdomv>
					<rdom>
						<rdommin>0</rdommin>
						<rdommax>1</rdommax>
					</rdom>
				</attrdomv>
			</attr>
		</detailed>
		<overview>
			<eadetcit>https://www.epa.gov/enviroatlas/enviroatlas-fact-sheets</eadetcit>
			<eaover>These data layers are based on data generated by the U.S. Geological Survey (USGS) National Gap Analysis Project (GAP). The GAP program maps the distribution of natural vegetation communities and potential habitat for individual terrestrial vertebrate species. These models utilize predictive environmental variables (e.g., GAP land cover, elevation, and distance to water) to derive deductive habitat models for each species.

Species richness was calculated by combining predicted habitat for individual GAP species by pixel across the conterminous United States. The number of bird species in each pixel was summarized by 12-digit HUC and the mean species richness value and maximum species richness value were calculated for each HUC. The mean species richness value by 12-digit HUC was divided by the maximum mean value within all 12-digit HUCs to calculate the Normalized Index of Biodiversity (NIB).

Summation of Biodiversity Metrics by 12-digit HUCs.
METRIC DESCRIPTION

*Total Terrestrial Vertebrate Richness:
 Total modeled terrestrial vertebrate species (amphibians, birds, mammals, reptiles) as measured by predicted habitat present within a pixel in the contiguous United States (n=1590). 

*Total Bird Richness:
 All modeled birds (n=621) as measured by predicted habitat present within a pixel in the contiguous United States. Birds are valued for many reasons including hunting, aesthetics, and pest control. This metric can also reflect watchable wildlife.

*Total Mammal Richness:
 All modeled mammals (n=365) as measured by predicted habitat present within a pixel in the contiguous United States.

*Total Reptile Richness:
 All modeled reptiles (n=322) as measured by predicted habitat present within a pixel in the contiguous United States.

*Total Amphibian Richness:
 All modeled amphibians (n=282) as measured by predicted habitat present within a pixel in the contiguous United States. 

*Winter Birds:
 All winter bird as measured by predicted winter habitat present within a pixel in the contiguous United States. Birds are valued for many reasons including hunting, aesthetics, and pest control. This metric can also reflect watchable wildlife.

*Summer Birds:
 All summer birds as measured by predicted summer habitat present within a pixel in the contiguous United States. Birds are valued for many reasons including hunting, aesthetics, and pest control. This metric can also reflect watchable wildlife.

*Rarity Index; Total Terrestrial Vertebrates: 
 Maximum number of terrestrial species that are within the lowest quartile of modeled habitat within the US for each 12-Digit HUC.

*Rarity Index; Total Mammals;
 Maximum number of mammal species that are within the lowest quartile of modeled habitat within the US for each 12-Digit HUC.

*Rarity Index; Total Birds:
 Maximum number of bird species that are within the lowest quartile of modeled habitat within the US for each 12-Digit HUC.

*Rarity Index; Total Reptiles:
 Maximum number of reptile species that are within the lowest quartile of modeled habitat within the US for each 12-Digit HUC.

*Rarity Index; Total Amphibians:
 Maximum number of amphibian species that are within the lowest quartile of modeled habitat within the US for each 12-Digit HUC.

*Total Harvestable Species Richness:
 All Species regulated by State Wildlife Agencies as measured by predicted habitat present within a pixel in the contiguous United States. 

*Total Big Game Species Richness:
 Big Game Species regulated by State Wildlife Agencies as measured by predicted habitat present within a pixel in the contiguous United States. 

*Total Small Game Species Richness:
 Small Game and Upland Game Species regulated by State Wildlife Agencies as measured by predicted habitat present within a pixel in the contiguous United States. 

*Furbearer Species Richness:
 Furbearing Species regulated by State Wildlife Agencies as measured by predicted habitat present within a pixel in the contiguous United States. 

*Waterfowl Species Richness:
 Waterfowl Species regulated by State Wildlife Agencies as measured by predicted habitat present within a pixel in the contiguous United States. 

*T &amp; E Terrestrial Vertebrate Richness:
 Species listed as Federally Threatened or Endangered under ESA as measured by predicted habitat present within a pixel in the contiguous United States. CITATION: USFWS 2014; https://www.fws.gov/endangered/species/us-species.html.

*Global Rank Species Richness; G1, G2, and G3:
 Species listed G1, G2, G3 by NatureServe as measured by predicted habitat present within a pixel in the contiguous United States. 
 CITATION: Faber-Langendoen D, Nichols J, Master L, Snow K, Tomaino A, Bittman R, Hammerson G, Heidel B, Ramsay L, Teucher A, and Young B. 2012. NatureServe Conservation Status Assessments: Methodology for Assigning Ranks. NatureServe, Arlington, VA.

*IUCN Threatened Terrestrial Vertebrate Species Richness:
 Species listed as Endangered by the IUCN as measured by predicted habitat present within a pixel in the contiguous United States. CITATION: IUCN 2016. The IUCN Red List of Threatened Species. Version 2016-3. http://www.iucnredlist.org. Downloaded on 07 December 2016.

*Partners in Amphibian and Reptile Conservation (PARC) Species Richness: 
 Species listed as either T&amp;E, G1-G3 or IUCN as measured by predicted habitat present within a pixel in the contiguous United States. 
 CITATION: R. Sutherland and P. deMaynadier. 2012. Model Criteria and Implementation Guidance for a Priority Amphibian and Reptile Conservation Area (PARCA) System in the USA. Partners in Amphibian and Reptile Conservation, Technical Publication PARCA-1. 28 pp.

*Audubon Climate-Endangered Bird Species Richness:
 Species listed as Climate-Endangered by analysis conducted by Audubon as measured by predicted habitat present within a pixel in the contiguous United States. 
 CITATION: National Audubon Society. 2015. Audubon's Birds and Climate Change Report: A Primer for Practitioners. National Audubon Society, New York. Contributors: Gary Langham, Justin Schuetz, Candan Soykan, Chad Wilsey, Tom Auer, Geoff LeBaron, Connie Sanchez, Trish Distler. Version 1.3.

*Audubon Climate-Threatened Bird Species Richness:
 Species listed as Climate-Threatened by analysis conducted by Audubon as measured by predicted habitat present within a pixel in the contiguous United States. 
 CITATION: National Audubon Society. 2015. Audubon's Birds and Climate Change Report: A Primer for Practitioners. National Audubon Society, New York. Contributors: Gary Langham, Justin Schuetz, Candan Soykan, Chad Wilsey, Tom Auer, Geoff LeBaron, Connie Sanchez, Trish Distler. Version 1.3.

*Partners in Flight Species Richness:
 Species listed by Partners in Flight as measured by predicted habitat present within a pixel in the contiguous United States. These species are listed in the PIF Watchlist with highest conservation concern at the continental level. Species are listed as recover, prevent decline or reverse decline. RECOVER: Red Watch List - species with extremely high vulnerability due to small population and range, high threats, and range-wide declines.  PREVENT DECLINE: &quot;ND&quot; Yellow Watch List - species not declining but vulnerable due to small range or population and moderate threats. REVERSE DECLINE: &quot;D&quot; Yellow Watch List - species with population declines and moderate to high threats.
 CITATION: K. V. Rosenberg, J. A. Kennedy, R. Dettmers, R. P. Ford, D. Reynolds, J.D. Alexander, C. J. Beardmore, P. J. Blancher, R. E. Bogart, G. S. Butcher, A. F. Camfield, A. Couturier, D. W. Demarest, W. E. Easton, J.J. Giocomo, R.H. Keller, A. E. Mini, A. O. Panjabi, D. N. Pashley, T. D. Rich, J. M. Ruth, H. Stabins, J. Stanton, T. Will. 2016. Partners in Flight Landbird Conservation Plan: 2016 Revision for Canada and Continental United States. Partners in Flight Science Committee. 119 pp.

*Birds of Conservation Concern Species Richness; State of the Birds 2016:
 Species listed as Conservation Concern in State of the Birds 2016 as measured by predicted habitat present within a pixel in the contiguous United States. 
 &quot;The Watch List includes 432 species with concern scores of 14 or higher, or with a concern score of 13 and a steeply declining population trend--these are the species most at risk of extinction without significant conservation actions to reverse declines and reduce threats. Download the complete species assessment table (Excel file, including vulnerability scores and additional habitat information for each species.&quot; URL: http://www.stateofthebirds.org/2016/resources/species-assessments/
PS - Population Size low (1) to high (5) vulnerability; 
BD - Breeding Distribution low (1) to high (5) vulnerability; 
ND - Non-breeding Distribution low (1) to high (5) vulnerability; 
TB - Threats to Breeding low (1) to high (5) vulnerability; 
TN - Threats to Non-breeding low (1) to high (5) vulnerability; 
PT - Population Trend low (1) to high (5) vulnerability&quot; 
CITATION: North American Bird Conservation Initiative. 2016. The State of North America's Birds 2016. Environment and Climate Change Canada: Ottawa, Ontario. 8 pages. www.stateofthebirds.org. Cat. No.: CW66-527/2016E ISBN: 978-0-660-05104-8.

*Common Bird Species in Steep Decline: 
 Species listed by Partners in Flight as common bird species in steep decline as measured by predicted habitat present within a pixel in the contiguous United States - From the 2016 Landbird dataset. 
 CITATION: K. V. Rosenberg, J. A. Kennedy, R. Dettmers, R. P. Ford, D. Reynolds, J.D. Alexander, C. J. Beardmore, P. J. Blancher, R. E. Bogart, G. S. Butcher, A. F. Camfield, A. Couturier, D. W. Demarest, W. E. Easton, J.J. Giocomo, R.H. Keller, A. E. Mini, A. O. Panjabi, D. N. Pashley, T. D. Rich, J. M. Ruth, H. Stabins, J. Stanton, T. Will. 2016. Partners in Flight Landbird Conservation Plan: 2016 Revision for Canada and Continental United States. Partners in Flight Science Committee. 119 pp.</eaover>
		</overview>
	</eainfo>
</metadata>