<?xml version="1.0"?>
<metadata><Esri><CreaDate>20190325</CreaDate><CreaTime>12074800</CreaTime><SyncOnce>TRUE</SyncOnce><DataProperties><itemProps><itemLocation><linkage Sync="TRUE">file://\\V18OVHRTTF760\D$\Public\Data\projects\EnviroAtlas_Public\EDG_Download_STG\National\CONUS_metrics_Mar2019_METADATA\Historic_Places</linkage><protocol Sync="TRUE">Local Area Network</protocol></itemLocation></itemProps><copyHistory><copy source="D:\Public\Data\projects\EnviroAtlas_Public\FGDBs4EDG\CONUS\CONUS_metrics_October2017_METADATA\CONUS_metrics_October2017_METADATA\TableMetadata\Historic_Places" dest="\\V18OVHRTTF760\D$\Public\Data\projects\EnviroAtlas_Public\EDG_Download_STG\National\CONUS_metrics_Mar2019_METADATA\Historic_Places" date="20190325" time="12074800"></copy></copyHistory></DataProperties></Esri><idinfo><keywords><theme><themekt>ISO 19115 Topic Category</themekt><themekey>environment</themekey></theme><theme><themekt>EPA GIS Keyword Thesaurus</themekt><themekey>Ecosystem</themekey><themekey>Environment</themekey></theme><theme><themekt>EnviroAtlas</themekt><themekey>12-digit HUCs</themekey><themekey>Ecosystem Services</themekey><themekey>EnviroAtlas</themekey><themekey>Environment</themekey><themekey>Environmental Atlas</themekey><themekey>Human</themekey><themekey>Human Well-being</themekey><themekey>Recreation</themekey><themekey>Sites</themekey><themekey>Society</themekey></theme><place><placekt>None</placekt><placekey>Alabama</placekey><placekey>Arizona</placekey><placekey>Arkansas</placekey><placekey>California</placekey><placekey>Colorado</placekey><placekey>Connecticut</placekey><placekey>Delaware</placekey><placekey>Florida</placekey><placekey>Georgia</placekey><placekey>Idaho</placekey><placekey>Illinois</placekey><placekey>Indiana</placekey><placekey>Iowa</placekey><placekey>Kansas</placekey><placekey>Kentucky</placekey><placekey>Louisiana</placekey><placekey>Maine</placekey><placekey>Maryland</placekey><placekey>Massachusetts</placekey><placekey>Michigan</placekey><placekey>Minnesota</placekey><placekey>Mississippi</placekey><placekey>Missouri</placekey><placekey>Montana</placekey><placekey>Nebraska</placekey><placekey>Nevada</placekey><placekey>New Hampshire</placekey><placekey>New Jersey</placekey><placekey>New Mexico</placekey><placekey>New York</placekey><placekey>North Carolina</placekey><placekey>North Dakota</placekey><placekey>Ohio</placekey><placekey>Oklahoma</placekey><placekey>Oregon</placekey><placekey>Pennsylvania</placekey><placekey>Rhode Island</placekey><placekey>South Carolina</placekey><placekey>South Dakota</placekey><placekey>Tennessee</placekey><placekey>Texas</placekey><placekey>United States</placekey><placekey>Utah</placekey><placekey>Vermont</placekey><placekey>Virginia</placekey><placekey>Washington</placekey><placekey>Washington DC</placekey><placekey>West Virginia</placekey><placekey>Wisconsin</placekey><placekey>Wyoming</placekey></place><theme><themekt>User</themekt><themekey>Ecosystem Services</themekey><themekey>EnviroAtlas</themekey><themekey>Environment</themekey><themekey>Environmental Atlas</themekey></theme></keywords><citation><citeinfo><origin>US Environmental Protection Agency (US EPA)</origin><title>EnviroAtlas - Historic Places by 12-digit HUC for the Conterminous United States</title><pubinfo><publish>U.S. EPA Office of Research &amp; Development (ORD) - National Exposure Research Laboratory (NERL)</publish><pubplace>Research Triangle Park, NC</pubplace></pubinfo><pubdate>20160613</pubdate><onlink>https://edg.epa.gov/data/PUBLIC/ORD/ENVIROATLAS/National</onlink><onlink>https://enviroatlas.epa.gov/arcgis/rest/services/National/National2016_master/MapServer</onlink><onlink>https://www.epa.gov/enviroatlas/enviroatlas-data</onlink><onlink>https://www.epa.gov/enviroatlas</onlink></citeinfo></citation><timeperd><current>Publication date</current><timeinfo><rngdates><begdate>1966</begdate><enddate>2013</enddate></rngdates></timeinfo></timeperd><status><progress>Complete</progress><update>As needed</update></status><spdom><bounding><westbc>-128.02839229</westbc><eastbc>-65.20336449</eastbc><northbc>51.6773602</northbc><southbc>22.7348894</southbc></bounding></spdom><accconst>None</accconst><useconst>None. Please check sources, scale, accuracy, currency and other available information. Please confirm that you are using the most recent copy of both data and metadata.  Acknowledgement of the EPA would be appreciated.</useconst><descript><abstract>This EnviroAtlas dataset portrays the total number of historic places located within each 12-digit Hydrologic Unit (HUC). The historic places data were compiled from the National Park Service's National Register of Historic Places (NRHP), which provides official federal lists of districts, sites, buildings, structures and objects significant to American history, architecture, archeology, engineering, and culture. This dataset was produced by the US EPA to support research and online mapping activities related to EnviroAtlas. EnviroAtlas (https://www.epa.gov/enviroatlas) allows the user to interact with a web-based, easy-to-use, mapping application to view and analyze multiple ecosystem services for the contiguous United States. The dataset is available as downloadable data (https://edg.epa.gov/data/Public/ORD/EnviroAtlas) or as an EnviroAtlas map service. Additional descriptive information about each attribute in this dataset can be found in its associated EnviroAtlas Fact Sheet (https://www.epa.gov/enviroatlas/enviroatlas-fact-sheets).</abstract><purpose>This dataset can provide an indicator of historical significance for each 12-digit HUC, and can help identify important cultural resources that might need more protection or support. These historical places can be compared with the population distribution data to see if the public has sufficient access to these places, because they provide not only education but also opportunities for physical activity, which has been shown to greatly improve human health and well-being (Godbey, 2009). Secondly, the historical places can be examined together with data on environmental changes (such as water pollution, waste distribution, or air pollution; e.g., atmospheric deposition) to identify changes that could threaten the historical resources. Urban planners could take these historical places into consideration when selecting sites for highly polluting industries. For detailed information about how the historical places were defined, please refer to the NRHP Program (http://www.nps.gov/nr/research/). The overall goal of EnviroAtlas is to employ and develop the best available science to map indicators of ecosystem services production, demand, and drivers for the nation.</purpose><supplinf>This dataset excludes all features deemed 'restricted' or 'sensitive' by the National Parks Service, such as sensitive archaeological sites. Places that are protected under state and local laws, but not listed in the National Register, are not included in this dataset.</supplinf></descript><secinfo><secsys>https://project-open-data.github.io/schema/#accessLevel</secsys><secclass>public</secclass><sechandl>Standard Technical Controls</sechandl></secinfo><ptcontac><cntinfo><cntperp><cntorg>U.S. Environmental Protection Agency, Office of Research and Development-Sustainable and Healthy Communities Research Program, EnviroAtlas</cntorg><cntper>EnviroAtlas Coordinator</cntper></cntperp><cntpos>Geospatial Data Owner</cntpos><cntaddr><addrtype>mailing and physical address</addrtype><address>109 T.W. Alexander Drive</address><city>Research Triangle Park</city><state>NC</state><postal>27709</postal></cntaddr><cntvoice>(919) 541-3832</cntvoice><cntemail>EnviroAtlas@epa.gov</cntemail><cntinst>https://www.epa.gov/enviroatlas</cntinst></cntinfo></ptcontac></idinfo><dataqual><logic>Tests for integrity have not been performed.</logic><complete>Features represented have not been tested for completeness</complete><posacc><horizpa><horizpar>Data were collected using methods that have unknown accuracy (EPA National Geospatial Data Policy [NGDP] Accuracy Tier 10). For more information, please see EPA's NGDP at https://epa.gov/geospatial/policies.html</horizpar></horizpa></posacc><lineage><procstep><procdate>20140110</procdate><procdesc>Downloaded 2013 National Register of Historic Places (NRHP) Cultural Resources Data Transfer Standards Formatted Geodatabase (NRIS_CR_Standards_Public.gdb) from the NRHP (http://www.nps.gov/nr/research/).</procdesc></procstep><procstep><procdate>201504</procdate><procdesc>Each type of historical feature (point and polygon) within a geographic unit (12-digit HUC) was counted using ArcGIS 10.0 Spatial Join tool. Polygons typically represent sites over ten acres, and points represent smaller sites.</procdesc></procstep><procstep><procdate>201504</procdate><procdesc>The total number of historical features was calculated by adding up numbers of historical places (districts, sites, buildings, structures and objects)</procdesc></procstep><procstep><procdate>201504</procdate><procdesc>Data quality checking and making corrections.</procdesc></procstep></lineage></dataqual><spref><horizsys><planar><planci><plance>coordinate pair</plance><plandu>meters</plandu><coordrep><absres>0.000001</absres><ordres>0.000001</ordres></coordrep></planci><mapproj><mapprojn>Albers Conical Equal Area</mapprojn><albers><stdparll>29.500000</stdparll><stdparll>45.500000</stdparll><longcm>-96.000000</longcm><latprjo>23.000000</latprjo><feast>0.000000</feast><fnorth>0.000000</fnorth></albers></mapproj></planar><geodetic><horizdn>North American Datum of 1983</horizdn><ellips>Geodetic Reference System 80</ellips><semiaxis>6378137.000000</semiaxis><denflat>298.257222</denflat></geodetic></horizsys></spref><distinfo><resdesc>Downloadable Data</resdesc><distliab>https://edg.epa.gov/EPA_Data_License.html</distliab><distrib><cntinfo><cntorgp><cntorg>U.S. Environmental Protection Agency, Office of Research and Development-Sustainable and Healthy Communities Research Program, EnviroAtlas</cntorg><cntper>EnviroAtlas Coordinator</cntper></cntorgp><cntpos>Geospatial Data Owner</cntpos><cntaddr><addrtype>mailing and physical address</addrtype><address>109 T.W. Alexander Drive</address><city>Research Triangle Park</city><state>NC</state><postal>27709</postal></cntaddr><cntvoice>(919) 541-3832</cntvoice><cntemail>EnviroAtlas@epa.gov</cntemail><cntinst>https://www.epa.gov/enviroatlas</cntinst></cntinfo></distrib></distinfo><metainfo><metstdn>FGDC Content Standard for Digital Geospatial Metadata</metstdn><metstdv>FGDC-STD-001-1998</metstdv><metd>20170522</metd><metfrd>20210522</metfrd><metc><cntinfo><cntorgp><cntorg>U.S. Environmental Protection Agency, Office of Research and Development-Sustainable and Healthy Communities Research Program, EnviroAtlas</cntorg><cntper>EnviroAtlas Coordinator</cntper></cntorgp><cntpos>Geospatial Data Owner</cntpos><cntaddr><addrtype>mailing and physical address</addrtype><address>109 T.W. Alexander Drive</address><city>Research Triangle Park</city><state>NC</state><postal>27709</postal></cntaddr><cntvoice>(919) 541-3832</cntvoice><cntemail>EnviroAtlas@epa.gov</cntemail><cntinst>https://www.epa.gov/enviroatlas</cntinst></cntinfo></metc></metainfo><eainfo><detailed><enttyp><enttypl>Historic_Places</enttypl><enttypd>Number of historic places listed in the NRHP by 12-digit HUC.</enttypd><enttypds>U.S. EPA</enttypds></enttyp><attr><attrlabl>HUC_12</attrlabl><attrdef>Twelve Digit Hydrologic Unit Code. This field provides a unique 12-digit code for each subwatershed. Numbers were assigned in an upstream to downstream fashion. Where no downstream/upstream relationship could be determined, numbers were assigned in a clockwise fashion.</attrdef><attrdefs>Federal Guidelines, Requirements, and Procedures for the National Watershed Boundary Dataset; Chapter 3 of Section A; Federal Standards, Book 11, Collection and Delineation of Spatial Data; Techniques and Methods 11-A3.</attrdefs><attrdomv><rdom><rdommin>010000000000</rdommin><rdommax>999999999999</rdommax></rdom></attrdomv></attr><attr><attrlabl>his_sites_pt</attrlabl><attrdef>Properties listed on the NRHP, classified as historic sites, and depicted as points in NRHP's geospatial data. A site is the location of a significant event, a prehistoric or historic occupation or activities, or a building or structure, whether standing, ruined or vanished, where the location itself possess historic, cultural or archaeological value regardless of the value of any existing structure.</attrdef><attrdefs>Cultural Resources GIS, NPS NRHP, NPS</attrdefs><attrdomv><rdom><rdommin>0</rdommin><rdommax>12</rdommax></rdom></attrdomv></attr><attr><attrlabl>his_sites_pl</attrlabl><attrdef>Properties listed on the NRHP, classified as historic sites, and depicted as polygons in NRHP's geospatial data. A site is the location of a significant event, a prehistoric or historic occupation or activities, or a building or structure, whether standing, ruined or vanished, where the location itself possess historic, cultural or archaeological value regardless of the value of any existing structure.</attrdef><attrdefs>Cultural Resources GIS, NPS NRHP, NPS</attrdefs><attrdomv><rdom><rdommin>0</rdommin><rdommax>11</rdommax></rdom></attrdomv></attr><attr><attrlabl>his_bldg_pt</attrlabl><attrdef>Properties listed on the NRHP, classified as historic buildings, and depicted as points in NRHP's geospatial data. A building, such as a house, barn, church, hotel, or similar construction, is created principally to shelter any form of human activity.</attrdef><attrdefs>Cultural Resources GIS, NPS NRHP, NPS</attrdefs><attrdomv><rdom><rdommin>0</rdommin><rdommax>530</rdommax></rdom></attrdomv></attr><attr><attrlabl>his_bldg_pl</attrlabl><attrdef>Properties listed on the NRHP, classified as historic buildings, and depicted as polygons in NRHP's geospatial data. A building, such as a house, barn, church, hotel, or similar construction, is created principally to shelter any form of human activity.</attrdef><attrdefs>Cultural Resources GIS, NPS NRHP, NPS</attrdefs><attrdomv><rdom><rdommin>0</rdommin><rdommax>17</rdommax></rdom></attrdomv></attr><attr><attrlabl>his_dis_pt</attrlabl><attrdef>Properties listed on the NRHP, classified as historic districts, and depicted as points in NRHP's geospatial data. A district possesses a significant concentration, linkage, or continuity of sites, buildings, structures, or objects united historically or aesthetically by plan or physical development.</attrdef><attrdefs>Cultural Resources GIS, NPS NRHP, NPS</attrdefs><attrdomv><rdom><rdommin>0</rdommin><rdommax>46</rdommax></rdom></attrdomv></attr><attr><attrlabl>his_dis_pl</attrlabl><attrdef>Properties listed on the NRHP, classified as historic districts, and depicted as polygons in NRHP's geospatial data. A district possesses a significant concentration, linkage, or continuity of sites, buildings, structures, or objects united historically or aesthetically by plan or physical development.</attrdef><attrdefs>Cultural Resources GIS, NPS NRHP, NPS</attrdefs><attrdomv><rdom><rdommin>0</rdommin><rdommax>114</rdommax></rdom></attrdomv></attr><attr><attrlabl>his_obj_pt</attrlabl><attrdef>Properties listed on the NRHP, classified as historic objects, and depicted as points in NRHP's geospatial data. An object is a feature that is primarily artistic in nature or is relatively small in scale and simply constructed.</attrdef><attrdefs>Cultural Resources GIS, NPS NRHP, NPS</attrdefs><attrdomv><rdom><rdommin>0</rdommin><rdommax>12</rdommax></rdom></attrdomv></attr><attr><attrlabl>his_obj_pl</attrlabl><attrdef>Properties listed on the NRHP, classified as historic objects, and depicted as polygons in NRHP's geospatial data. An object is a feature that is primarily artistic in nature or is relatively small in scale and simply constructed.</attrdef><attrdefs>Cultural Resources GIS, NPS NRHP, NPS</attrdefs><attrdomv><rdom><rdommin>0</rdommin><rdommax>3</rdommax></rdom></attrdomv></attr><attr><attrlabl>his_str_pt</attrlabl><attrdef>Properties listed on the NRHP, classified as historic structures, and depicted as points in NRHP's geospatial data. A structure is a building whose functional construction is made usually for purposes other than creating human shelter.</attrdef><attrdefs>Cultural Resources GIS, NPS NRHP, NPS</attrdefs><attrdomv><rdom><rdommin>0</rdommin><rdommax>69</rdommax></rdom></attrdomv></attr><attr><attrlabl>his_str_pl</attrlabl><attrdef>Properties listed on the NRHP, classified as historic structures, and depicted as polygons in NRHP's geospatial data. A structure is a building whose functional construction is made usually for purposes other than creating human shelter.</attrdef><attrdefs>Cultural Resources GIS, NPS NRHP, NPS</attrdefs><attrdomv><rdom><rdommin>0</rdommin><rdommax>21</rdommax></rdom></attrdomv></attr><attr><attrlabl>Total_Hist</attrlabl><attrdef>Total number of all historical features.</attrdef><attrdefs>U.S. EPA</attrdefs><attrdomv><rdom><rdommin>0</rdommin><rdommax>739</rdommax></rdom></attrdomv></attr><attr><attrlabl>HistoricSites</attrlabl><attrdef>All properties listed on the NRHP and classified as historic sites. A site is the location of a significant event, a prehistoric or historic occupation or activities, or a building or structure, whether standing, ruined or vanished, where the location itself possess historic, cultural or archaeological value regardless of the value of any existing structure.</attrdef><attrdefs>Cultural Resources GIS, NPS NRHP, NPS</attrdefs><attrdomv><rdom><rdommin>0</rdommin><rdommax>20</rdommax></rdom></attrdomv></attr><attr><attrlabl>HistoricBuildings</attrlabl><attrdef>All properties listed on the NRHP and classified as historic buildings. A building, such as a house, barn, church, hotel, or similar construction, is created principally to shelter any form of human activity.</attrdef><attrdefs>Cultural Resources GIS, NPS NRHP, NPS</attrdefs><attrdomv><rdom><rdommin>0</rdommin><rdommax>544</rdommax></rdom></attrdomv></attr><attr><attrlabl>HistoricDistricts</attrlabl><attrdef>All properties listed on the NRHP and classified as historic districts. A district possesses a significant concentration, linkage, or continuity of sites, buildings, structures, or objects united historically or aesthetically by plan or physical development.</attrdef><attrdefs>Cultural Resources GIS, NPS NRHP, NPS</attrdefs><attrdomv><rdom><rdommin>0</rdommin><rdommax>160</rdommax></rdom></attrdomv></attr><attr><attrlabl>HistoricObjects</attrlabl><attrdef>All properties listed on the NRHP and classified as historic objects. An object is a feature that is primarily artistic in nature or is relatively small in scale and simply constructed.</attrdef><attrdefs>Cultural Resources GIS, NPS NRHP, NPS</attrdefs><attrdomv><rdom><rdommin>0</rdommin><rdommax>13</rdommax></rdom></attrdomv></attr><attr><attrlabl>HistoricStructures</attrlabl><attrdef>All properties listed on the NRHP and classified as historic structures. A structure is a building whose functional construction is made usually for purposes other than creating human shelter.</attrdef><attrdefs>Cultural Resources GIS, NPS NRHP, NPS</attrdefs><attrdomv><rdom><rdommin>0</rdommin><rdommax>76</rdommax></rdom></attrdomv></attr></detailed><overview><eadetcit>https://enviroatlas.epa.gov/EnviroAtlas/DataFactSheets/index.html</eadetcit><eaover>This data set records the total number of historical districts, sites, buildings, structures, and objects listed by the NRHP for the conterminous United States by 12-digit HUC. The number of each type of historical place was counted by selecting features of that type that were completely within the source layer feature (a 12-digit HUC) using Spatial Join in ArcGIS. The total count of all historical places was calculated by adding the number of historical districts, sites, buildings, structures, and objects. For more information about EnviroAtlas data, go to https://enviroatlas.epa.gov/EnviroAtlas/DataFactSheets.</eaover></overview></eainfo></metadata>
