<?xml version="1.0"?>
<metadata><Esri><CreaDate>20190325</CreaDate><CreaTime>12074800</CreaTime><SyncOnce>TRUE</SyncOnce><DataProperties><itemProps><itemLocation><linkage Sync="TRUE">file://\\V18OVHRTTF760\D$\Public\Data\projects\EnviroAtlas_Public\EDG_Download_STG\National\CONUS_metrics_Mar2019_METADATA\Employment</linkage><protocol Sync="TRUE">Local Area Network</protocol></itemLocation></itemProps><copyHistory><copy source="D:\Public\Data\projects\EnviroAtlas_Public\FGDBs4EDG\CONUS\CONUS_metrics_October2017_METADATA\CONUS_metrics_October2017_METADATA\TableMetadata\Employment" dest="\\V18OVHRTTF760\D$\Public\Data\projects\EnviroAtlas_Public\EDG_Download_STG\National\CONUS_metrics_Mar2019_METADATA\Employment" date="20190325" time="12074800"></copy></copyHistory></DataProperties></Esri><idinfo><keywords><theme><themekt>ISO 19115 Topic Category</themekt><themekey>environment</themekey></theme><theme><themekt>EPA GIS Keyword Thesaurus</themekt><themekey>Ecosystem</themekey><themekey>Environment</themekey></theme><theme><themekt>User</themekt><themekey>Census Block Groups</themekey><themekey>Economy</themekey><themekey>Ecosystem Services</themekey><themekey>EnviroAtlas</themekey><themekey>Environment</themekey><themekey>Environmental Atlas</themekey><themekey>Human Well-being</themekey><themekey>Society</themekey><themekey>Sustainability</themekey></theme><place><placekt>None</placekt><placekey>Alabama</placekey><placekey>Arizona</placekey><placekey>Arkansas</placekey><placekey>California</placekey><placekey>Colorado</placekey><placekey>Connecticut</placekey><placekey>Delaware</placekey><placekey>Florida</placekey><placekey>Georgia</placekey><placekey>Idaho</placekey><placekey>Illinois</placekey><placekey>Indiana</placekey><placekey>Iowa</placekey><placekey>Kansas</placekey><placekey>Kentucky</placekey><placekey>Louisiana</placekey><placekey>Maine</placekey><placekey>Maryland</placekey><placekey>Massachusetts</placekey><placekey>Michigan</placekey><placekey>Minnesota</placekey><placekey>Mississippi</placekey><placekey>Missouri</placekey><placekey>Montana</placekey><placekey>Nebraska</placekey><placekey>Nevada</placekey><placekey>New Hampshire</placekey><placekey>New Jersey</placekey><placekey>New Mexico</placekey><placekey>New York</placekey><placekey>North Carolina</placekey><placekey>North Dakota</placekey><placekey>Ohio</placekey><placekey>Oklahoma</placekey><placekey>Oregon</placekey><placekey>Pennsylvania</placekey><placekey>Rhode Island</placekey><placekey>South Carolina</placekey><placekey>South Dakota</placekey><placekey>Tennessee</placekey><placekey>Texas</placekey><placekey>United States</placekey><placekey>Utah</placekey><placekey>Vermont</placekey><placekey>Virginia</placekey><placekey>Washington</placekey><placekey>Washington DC</placekey><placekey>West Virginia</placekey><placekey>Wisconsin</placekey><placekey>Wyoming</placekey></place></keywords><citation><citeinfo><origin>US Environmental Protection Agency (US EPA)</origin><title>EnviroAtlas - Percentage of Working Age Population Who Are Employed by Block Group for the Conterminous United States</title><pubinfo><publish>US EPA Office of Research and Development (ORD) - National Exposure Research Laboratory (NERL)</publish><pubplace>Research Triangle Park, NC</pubplace></pubinfo><pubdate>20150609</pubdate><onlink>https://edg.epa.gov/data/Public/ORD/EnviroAtlas/National</onlink><onlink>https://enviroatlas.epa.gov/arcgis/rest/services/PeopleBuiltSpaces/Employment/MapServer</onlink><onlink>https://www.epa.gov/enviroatlas/enviroatlas-data</onlink><onlink>https://www.epa.gov/enviroatlas</onlink></citeinfo></citation><timeperd><current>Publication date</current><timeinfo><rngdates><begdate>2008</begdate><enddate>2012</enddate></rngdates></timeinfo></timeperd><status><progress>Complete</progress><update>As needed</update></status><accconst>None.</accconst><useconst>None. Please check sources, scale, accuracy, currency and other available information. Please confirm that you are using the most recent copy of both data and metadata.  Acknowledgement of the EPA would be appreciated.</useconst><descript><abstract>This EnviroAtlas dataset shows the employment rate, or the percent of the population aged 16-64 who have worked in the past 12 months. The employment rate is a measure of the percent of the working-age population who are employed. It is an indicator of the prevalence of unemployment, which is often used to assess labor market conditions by economists. It is a widely used metric to evaluate the sustainable development of communities (NRC, 2011, UNECE, 2009). This dataset is based on the American Community Survey 5-year data for 2008-2012.

			This dataset was produced by the US EPA to support research and online mapping activities related to EnviroAtlas. EnviroAtlas (https://www.epa.gov/enviroatlas) allows the user to interact with a web-based, easy-to-use, mapping application to view and analyze multiple ecosystem services for the contiguous United States. The dataset is available as downloadable data (https://edg.epa.gov/data/Public/ORD/EnviroAtlas) or as an EnviroAtlas map service. Additional descriptive information about each attribute in this dataset can be found in its associated EnviroAtlas Fact Sheet (https://www.epa.gov/enviroatlas/enviroatlas-fact-sheets).</abstract><purpose>This dataset can be used to assess the employment rate for a block group or to compare employment rates across the conterminous United States. It can be used to identify economically vulnerable communities.

			The overall goal of EnviroAtlas is to employ and develop the best available science to map indicators of ecosystem services production, demand, and drivers for the nation.</purpose></descript><spdom><bounding><westbc>-128.02839229</westbc><eastbc>-65.20336449</eastbc><northbc>51.6773602</northbc><southbc>22.7348894</southbc></bounding></spdom><secinfo><secsys>https://project-open-data.github.io/schema/#accessLevel</secsys><secclass>public</secclass><sechandl>Standard Technical Controls</sechandl></secinfo><ptcontac><cntinfo><cntperp><cntorg>U.S. Environmental Protection Agency, Office of Research and Development-Sustainable and Healthy Communities Research Program, EnviroAtlas</cntorg><cntper>EnviroAtlas Coordinator</cntper></cntperp><cntpos>Geospatial Data Owner</cntpos><cntaddr><addrtype>mailing and physical address</addrtype><address>109 T.W. Alexander Drive</address><city>Research Triangle Park</city><state>NC</state><postal>27709</postal></cntaddr><cntvoice>(919) 541-3832</cntvoice><cntemail>EnviroAtlas@epa.gov</cntemail><cntinst>https://www.epa.gov/enviroatlas</cntinst></cntinfo></ptcontac></idinfo><dataqual><logic>Tests for integrity have not been performed.</logic><complete>Features represented have not been tested for completeness</complete><posacc><horizpa><horizpar>Data were collected using methods that have unknown accuracy (EPA National Geospatial Data Policy [NGDP] Accuracy Tier 10). For more information, please see EPA's NGDP at https://www.epa.gov/geospatial/geospatial-policies-and-standards</horizpar></horizpa></posacc><lineage><procstep><procdate>20140106</procdate><procdesc>Used Summary File Retrieval Tool to download ACS 5-year 2008-2012 data (http://www2.census.gov/acs2012_5yr/summaryfile/UserTools/SummaryFileDataRetrievalTool.zip). </procdesc></procstep><procstep><procdate>20140106</procdate><procdesc>Downloaded the ACS 5-year 2008-2012 summary file Table B23022 (SEX BY WORK STATUS IN THE PAST 12 MONTHS BY USUAL HOURS WORKED PER WEEK IN THE PAST 12 MONTHS BY WEEKS WORKED IN THE PAST 12 MONTHS FOR THE POPULATION 16 TO 64 YEARS) (http://www.census.gov/acs/www/data_documentation/summary_file/).</procdesc></procstep><procstep><procdate>201404</procdate><procdesc>Joined the summary file to TIGER/Line Shapefiles using the GEOID.</procdesc></procstep><procstep><procdate>201407</procdate><procdesc>Calculated the employment rate: (Column 1 Total: Population 16 to 64 years  -  Column 25 Males who did not work in the past 12 months  -  Column 49 Females who did not work in the past 12 months ) / Column 1 Total: Population 16 to 64 years.</procdesc></procstep><procstep><procdate>201408</procdate><procdesc>Data quality checking and corrections.</procdesc></procstep></lineage></dataqual><spref><horizsys><planar><planci><plance>coordinate pair</plance><plandu>meters</plandu><coordrep><absres>0.000001</absres><ordres>0.000001</ordres></coordrep></planci><mapproj><mapprojn>Albers Conical Equal Area</mapprojn><albers><stdparll>29.500000</stdparll><stdparll>45.500000</stdparll><longcm>-96.000000</longcm><latprjo>23.000000</latprjo><feast>0.000000</feast><fnorth>0.000000</fnorth></albers></mapproj></planar><geodetic><horizdn>North American Datum of 1983</horizdn><ellips>Geodetic Reference System 80</ellips><semiaxis>6378137.000000</semiaxis><denflat>298.257222</denflat></geodetic></horizsys></spref><distinfo><resdesc>Downloadable Data</resdesc><distliab>https://edg.epa.gov/EPA_Data_License.htm</distliab><distrib><cntinfo><cntorgp><cntorg>U.S. Environmental Protection Agency, Office of Research and Development-Sustainable and Healthy Communities Research Program, EnviroAtlas</cntorg><cntper>EnviroAtlas Coordinator</cntper></cntorgp><cntpos>Geospatial Data Owner</cntpos><cntaddr><addrtype>mailing and physical address</addrtype><address>109 T.W. Alexander Drive</address><city>Research Triangle Park</city><state>NC</state><postal>27709</postal></cntaddr><cntvoice>(919) 541-3832</cntvoice><cntemail>EnviroAtlas@epa.gov</cntemail><cntinst>https://www.epa.gov/enviroatlas</cntinst></cntinfo></distrib></distinfo><metainfo><metstdn>FGDC Content Standard for Digital Geospatial Metadata</metstdn><metstdv>FGDC-STD-001-1998</metstdv><metd>20170522</metd><metfrd>20210522</metfrd><metc><cntinfo><cntorgp><cntorg>U.S. Environmental Protection Agency, Office of Research and Development-Sustainable and Healthy Communities Research Program, EnviroAtlas</cntorg><cntper>EnviroAtlas Coordinator</cntper></cntorgp><cntpos>Geospatial Data Owner</cntpos><cntaddr><addrtype>mailing and physical address</addrtype><address>109 T.W. Alexander Drive</address><city>Research Triangle Park</city><state>NC</state><postal>27709</postal></cntaddr><cntvoice>(919) 541-3832</cntvoice><cntemail>EnviroAtlas@epa.gov</cntemail><cntinst>https://www.epa.gov/enviroatlas</cntinst></cntinfo></metc></metainfo><eainfo><detailed><enttyp><enttypl>Employment</enttypl><enttypd>The employment rate by Census block group</enttypd><enttypds>U.S. EPA</enttypds></enttyp><attr><attrlabl>bgrp</attrlabl><attrdef>Census block group identifier; a concatenation of 2010 Census state Federal Information Processing Standards (FIPS) code, county FIPS code, census tract code, and block group number</attrdef><attrdefs>U.S. Census Bureau</attrdefs><attrdomv><codesetd><codesetn>INCITS.38-200x (R2004), Codes for the Identification of the States, the District of Columbia, Puerto Rico, and the Insular Areas of the United States (Formerly FIPS 5-2), INCITS.31-200x (R2007), Codes for the Identification of the Counties and Equivalent Areas of the United States, Puerto Rico, and the Insular Areas of the United States (Formerly FIPS 6-4) and the tract code that appears in TRACTCE10 and the census block group number that appears in BLKGRPCE10</codesetn><codesets>U.S. Census Bureau</codesets></codesetd></attrdomv></attr><attr><attrlabl>employ_rate</attrlabl><attrdef>The percentage of the working-age population who were employed in the last 12 months.</attrdef><attrdefs>U.S. EPA</attrdefs><attrdomv><edom><edomv>Null</edomv><edomvd>Total population is 0 or data is not available</edomvd><edomvds>US EPA</edomvds></edom></attrdomv><attrdomv><edom><edomv>1-100</edomv><edomvd>The percentage of the working-age population who were employed in the last 12 months.</edomvd><edomvds>US EPA</edomvds></edom></attrdomv></attr></detailed><overview><eadetcit>https://www.epa.gov/enviroatlas/enviroatlas-fact-sheets/index.html</eadetcit><eaover>For more information about EnviroAtlas data, go to https://www.epa.gov/enviroatlas/enviroatlas-fact-sheets.

The employment rate is a measure of the percentage of the working-age population who are employed. It is an indicator of the prevalence of unemployment, which is often used to assess labor market conditions by economists. It is a widely used metric to evaluate the sustainable development of communities (NRC, 2011, UNECE, 2009). The employed population includes the sum of all males and females who worked from 1-13 weeks, 14 to 26 weeks, 27 to 39 weeks, 40 to 47 weeks, 48 and 49 weeks, or 50 to 52 weeks in the past 12 months, and includes people who worked any number of hours per week. The employment rate was calculated by dividing employed population by total working-age population. The total working age population was defined as people who were older than 16 years of age and younger than 64 during the past 12 months.

A comprehensive list of metric creation steps is included in the Processing Steps. The processing steps were completed using a Python script.

Works cited:

ACS 5-Year Summary File Technical Documentation. 2010.  Available: http://www.census.gov/acs/www/data_documentation/summary_file/

National Research Council (NRC). Sustainability and the U.S. EPA. Washington, DC: The National Academies Press, 2011.

United Nations Economic Commission for Europe (UNECE). 2009. Measuring Sustainable Development. ECE/CES/77. New York: United Nations [online]. Available: http://www.unece.org/stats/publications/Measuring_sustainable_development.pdf [accessed May 5, 2011].</eaover></overview></eainfo></metadata>
