﻿<?xml version="1.0" encoding="utf-8"?>
<metadata>
	<Esri>
		<PublishedDocID>{831D980C-FA14-4093-9BE9-CDE589C35339}</PublishedDocID>
	</Esri>
	<idinfo>
		<keywords>
			<theme>
				<themekt>ISO 19115 Topic Category</themekt>
				<themekey>environment</themekey>
			</theme>
			<theme>
				<themekt>EPA GIS Keyword Thesaurus</themekt>
				<themekey>Ecosystem</themekey>
				<themekey>Environment</themekey>
			</theme>
			<place>
				<placekt>None</placekt>
				<placekey>Alabama</placekey>
				<placekey>Arizona</placekey>
				<placekey>Arkansas</placekey>
				<placekey>California</placekey>
				<placekey>Colorado</placekey>
				<placekey>Connecticut</placekey>
				<placekey>Delaware</placekey>
				<placekey>Florida</placekey>
				<placekey>Georgia</placekey>
				<placekey>Idaho</placekey>
				<placekey>Illinois</placekey>
				<placekey>Indiana</placekey>
				<placekey>Iowa</placekey>
				<placekey>Kansas</placekey>
				<placekey>Kentucky</placekey>
				<placekey>Louisiana</placekey>
				<placekey>Maine</placekey>
				<placekey>Maryland</placekey>
				<placekey>Massachusetts</placekey>
				<placekey>Michigan</placekey>
				<placekey>Minnesota</placekey>
				<placekey>Mississippi</placekey>
				<placekey>Missouri</placekey>
				<placekey>Montana</placekey>
				<placekey>Nebraska</placekey>
				<placekey>Nevada</placekey>
				<placekey>New Hampshire</placekey>
				<placekey>New Jersey</placekey>
				<placekey>New Mexico</placekey>
				<placekey>New York</placekey>
				<placekey>North Carolina</placekey>
				<placekey>North Dakota</placekey>
				<placekey>Ohio</placekey>
				<placekey>Oklahoma</placekey>
				<placekey>Oregon</placekey>
				<placekey>Pennsylvania</placekey>
				<placekey>Rhode Island</placekey>
				<placekey>South Carolina</placekey>
				<placekey>South Dakota</placekey>
				<placekey>Tennessee</placekey>
				<placekey>Texas</placekey>
				<placekey>United States</placekey>
				<placekey>Utah</placekey>
				<placekey>Vermont</placekey>
				<placekey>Virginia</placekey>
				<placekey>Washington</placekey>
				<placekey>Washington DC</placekey>
				<placekey>West Virginia</placekey>
				<placekey>Wisconsin</placekey>
				<placekey>Wyoming</placekey>
			</place>
			<theme>
				<themekt>EnviroAtlas</themekt>
				<themekey>12-digit HUCs</themekey>
				<themekey>Ecosystem Services</themekey>
				<themekey>EnviroAtlas</themekey>
				<themekey>Environment</themekey>
				<themekey>Environmental Atlas</themekey>
				<themekey>Green Space</themekey>
				<themekey>Impact</themekey>
				<themekey>Land Cover</themekey>
			</theme>
		</keywords>
		<citation>
			<citeinfo>
				<origin>US Environmental Protection Agency (US EPA)</origin>
				<title>EnviroAtlas - 2016 Percent Impervious Cover by 12-digit HUC for the Conterminous United States</title>
				<pubinfo>
					<publish>U.S. EPA Office of Research and Development (ORD) - Center for Public Health and Environmental Assessment (CPHEA)</publish>
					<pubplace>Research Triangle Park, NC</pubplace>
				</pubinfo>
				<pubdate>20200122</pubdate>
				<onlink>https://edg.epa.gov/data/PUBLIC/ORD/ENVIROATLAS</onlink>
				<onlink>https://enviroatlas.epa.gov/arcgis/rest/services</onlink>
				<onlink>https://www.epa.gov/enviroatlas/enviroatlas-data</onlink>
				<onlink>https://www.epa.gov/enviroatlas</onlink>
			</citeinfo>
		</citation>
		<timeperd>
			<current>Ground condition</current>
			<timeinfo>
				<sngdate>
					<caldate>2016</caldate>
				</sngdate>
			</timeinfo>
		</timeperd>
		<status>
			<progress>Complete</progress>
			<update>As needed</update>
		</status>
		<spdom>
			<bounding>
				<westbc>-128.02839229</westbc>
				<eastbc>-65.20336449</eastbc>
				<northbc>51.6773602</northbc>
				<southbc>22.7348894</southbc>
			</bounding>
		</spdom>
		<accconst>None</accconst>
		<useconst>None. Please check sources, scale, accuracy, currency and other available information. Please confirm that you are using the most recent copy of both data and metadata.  Acknowledgement of the EPA would be appreciated.</useconst>
		<descript>
			<abstract>This EnviroAtlas dataset represents the percentage of land area within each 12-digit hydrologic unit code (HUC) in the conterminous United State that is impervious to water infiltration using the National Land Cover Database 2016 (NLCD2016) Percent Developed Impervious dataset. 

This dataset was produced by the US EPA to support research and online mapping activities related to EnviroAtlas. EnviroAtlas (https://www.epa.gov/enviroatlas) allows the user to interact with a web-based, easy-to-use, mapping application to view and analyze multiple ecosystem services for the contiguous United States. The dataset is available as downloadable data (https://edg.epa.gov/data/Public/ORD/EnviroAtlas) or as an EnviroAtlas map service. Additional descriptive information about each attribute in this dataset can be found in its associated EnviroAtlas Fact Sheet (https://www.epa.gov/enviroatlas/enviroatlas-fact-sheets).</abstract>
			<purpose>This dataset is useful for evaluating the potential value of ecosystem services provided by vegetation communities, and the impacts of developed land cover. The overall goal of EnviroAtlas is to employ and develop the best available science to map indicators of ecosystem services production, demand, and drivers for the nation.</purpose>
		</descript>
		<secinfo>
			<secsys>https://project-open-data.github.io/schema/#accessLevel</secsys>
			<secclass>public</secclass>
			<sechandl>Standard Technical Controls</sechandl>
		</secinfo>
		<ptcontac>
			<cntinfo>
				<cntperp>
					<cntorg>U.S. Environmental Protection Agency, Office of Research and Development - Center for Public Health and Environmental Assessment (CPHEA), EnviroAtlas</cntorg>
					<cntper>EnviroAtlas Coordinator</cntper>
				</cntperp>
				<cntpos>Geospatial Data Owner</cntpos>
				<cntaddr>
					<addrtype>mailing and physical address</addrtype>
					<address>109 T.W. Alexander Drive</address>
					<city>Research Triangle Park</city>
					<state>NC</state>
					<postal>27709</postal>
				</cntaddr>
				<cntvoice>(919) 541-3832</cntvoice>
				<cntemail>EnviroAtlas@epa.gov</cntemail>
				<cntinst>https://www.epa.gov/enviroatlas</cntinst>
			</cntinfo>
		</ptcontac>
	</idinfo>
	<dataqual>
		<logic>Tests for integrity have not been performed.</logic>
		<complete>Features represented have not been tested for completeness</complete>
		<posacc>
			<horizpa>
				<horizpar>Data were collected using methods that have unknown accuracy (EPA National Geospatial Data Policy [NGDP] Accuracy Tier 10). For more information, please see EPA's NGDP at https://epa.gov/geospatial/policies.html</horizpar>
			</horizpa>
		</posacc>
		<lineage>
			<procstep>
				<procdate>20191029</procdate>
				<procdesc>Obtained the EnviroAtlas hybrid 2016 Cropland Data Layer (CDL) and NLCD 2016 land cover raster (cdlnlcd2016_EA.tif). Source: https://www.epa.gov/enviroatlas.</procdesc>
			</procstep>
			<procstep>
				<procdate>20191029</procdate>
				<procdesc>Did a setnull operation on the cdlnlcd2016_EA.tif to eliminate the edge areas (Value = 100). Did this because in ATtILA all unaccounted for grid values are included in the land area measures used in the percentage calculations. Output raster: cdlnlcd2016_EA_ND.</procdesc>
			</procstep>
			<procstep>
				<procdate>20191030</procdate>
				<procdesc>Obtained the NLCD 2016 Percent Developed Impervious dataset: NLCD_2016_Impervious_L48_20190405.img</procdesc>
			</procstep>
			<procstep>
				<procdate>20191030</procdate>
				<procdesc>Performed a setnull operation on NLCD_2016_Impervious_L48_20190405.img to eliminate the edge areas (Value = 127). Output raster: Imprv2016_ND.</procdesc>
			</procstep>
			<procstep>
				<procdate>20191030</procdate>
				<procdesc>Set areas in Imprv2016_ND to NoData that corresponded to areas of water (value = 111) in the hybrid CDL-NLCD raster (cdlnlcd2016_EA_ND) using SETNULL. Output raster: Imprv2016_NoWater.</procdesc>
			</procstep>
			<procstep>
				<procdate>20150820</procdate>
				<procdesc>Obtained the NHDPlusV2 Watershed Boundary Dataset (WBD) Snapshot, EnviroAtlas version. Source: https://www.epa.gov/enviroatlas.</procdesc>
			</procstep>
			<procstep>
				<procdate>20191104</procdate>
				<procdesc>The mean percentage impervious within each 12-digit Hydrologic Unit was determined using the Zonal Statistics as Table tool in ArcGIS 10.7 for Desktop. NHDPlusV2_WBDSnapshot_EnviroAtlas_CONUS was used as the feature zone data with HUC_12 set as the Zone field. IMPV2016_NoWater was used as the Input value raster. Output table: pImprv2016.</procdesc>
			</procstep>
			<procstep>
				<procdate>20191104</procdate>
				<procdesc>Added a field to the pIMPRV2016 output table named, Pimprv, and did a field calculation to make the contents of the pImprv field to equal that of the MEAN field. Deleted MEAN field.</procdesc>
			</procstep>
			<procstep>
				<procdate>20200122</procdate>
				<procdesc>Adjusted the output table to account for HUCs missing from the Zonal Statistics output table (n = 46) as these HUCs are comprised entirely of water areas. A value of zero was assigned to the Pimprv field for these records.</procdesc>
			</procstep>
		</lineage>
	</dataqual>
	<spref>
		<horizsys>
			<planar>
				<planci>
					<plance>coordinate pair</plance>
					<plandu>meters</plandu>
					<coordrep>
						<absres>0.000001</absres>
						<ordres>0.000001</ordres>
					</coordrep>
				</planci>
				<mapproj>
					<mapprojn>Albers Conical Equal Area</mapprojn>
					<albers>
						<stdparll>29.500000</stdparll>
						<stdparll>45.500000</stdparll>
						<longcm>-96.000000</longcm>
						<latprjo>23.000000</latprjo>
						<feast>0.000000</feast>
						<fnorth>0.000000</fnorth>
					</albers>
				</mapproj>
			</planar>
			<geodetic>
				<horizdn>North American Datum of 1983</horizdn>
				<ellips>Geodetic Reference System 80</ellips>
				<semiaxis>6378137.000000</semiaxis>
				<denflat>298.257222</denflat>
			</geodetic>
		</horizsys>
	</spref>
	<distinfo>
		<resdesc>Downloadable Data</resdesc>
		<distliab>https://edg.epa.gov/EPA_Data_License.html</distliab>
		<distrib>
			<cntinfo>
				<cntorgp>
					<cntorg>U.S. Environmental Protection Agency, Office of Research and Development - Center for Public Health and Environmental Assessment (CPHEA), EnviroAtlas</cntorg>
					<cntper>EnviroAtlas Coordinator</cntper>
				</cntorgp>
				<cntpos>Geospatial Data Owner</cntpos>
				<cntaddr>
					<addrtype>mailing and physical address</addrtype>
					<address>109 T.W. Alexander Drive</address>
					<city>Research Triangle Park</city>
					<state>NC</state>
					<postal>27709</postal>
				</cntaddr>
				<cntvoice>(919) 541-3832</cntvoice>
				<cntemail>EnviroAtlas@epa.gov</cntemail>
				<cntinst>https://www.epa.gov/enviroatlas</cntinst>
			</cntinfo>
		</distrib>
	</distinfo>
	<metainfo>
		<metstdn>FGDC Content Standard for Digital Geospatial Metadata</metstdn>
		<metstdv>FGDC-STD-001-1998</metstdv>
		<metd>20200122</metd>
		<metfrd>20240122</metfrd>
		<metc>
			<cntinfo>
				<cntorgp>
					<cntorg>U.S. Environmental Protection Agency, Office of Research and Development - Center for Public Health and Environmental Assessment (CPHEA), EnviroAtlas</cntorg>
					<cntper>EnviroAtlas Coordinator</cntper>
				</cntorgp>
				<cntpos>Geospatial Data Owner</cntpos>
				<cntaddr>
					<addrtype>mailing and physical address</addrtype>
					<address>109 T.W. Alexander Drive</address>
					<city>Research Triangle Park</city>
					<state>NC</state>
					<postal>27709</postal>
				</cntaddr>
				<cntvoice>(919) 541-3832</cntvoice>
				<cntemail>EnviroAtlas@epa.gov</cntemail>
				<cntinst>https://www.epa.gov/enviroatlas</cntinst>
			</cntinfo>
		</metc>
	</metainfo>
	<eainfo>
		<detailed>
			<enttyp>
				<enttypl>Impervious_CONUS_20200129</enttypl>
				<enttypd>Percentage of land area within 12-digit hydrologic unit impervious to water infiltration.</enttypd>
				<enttypds>US EPA</enttypds>
			</enttyp>
			<attr>
				<attrlabl>HUC_12</attrlabl>
				<attrdef>Twelve Digit Hydrologic Unit Code. This field provides a unique 12-digit code for each subwatershed. Numbers were assigned in an upstream to downstream fashion. Where no downstream/upstream relationship could be determined, numbers were assigned in a clockwise fashion.</attrdef>
				<attrdefs>Federal Guidelines, Requirements, and Procedures for the National Watershed Boundary Dataset; Chapter 3 of Section A; Federal Standards, Book 11, Collection and Delineation of Spatial Data; Techniques and Methods 11-A3.</attrdefs>
				<attrdomv>
					<rdom>
						<rdommin>010000000000</rdommin>
						<rdommax>999999999999</rdommax>
					</rdom>
				</attrdomv>
			</attr>
			<attr>
				<attrlabl>PIMPV</attrlabl>
				<attrdef>Percentage of WBD 12-digit Hydrologic Unit land area that is impervious to water infiltration.</attrdef>
				<attrdefs>US EPA</attrdefs>
				<attrdomv>
					<rdom>
						<rdommin>0</rdommin>
						<rdommax>100</rdommax>
					</rdom>
				</attrdomv>
			</attr>
		</detailed>
		<overview>
			<eadetcit>https://www.epa.gov/enviroatlas/enviroatlas-fact-sheets</eadetcit>
			<eaover>The metric was generated using the Zonal Statistics as Table tool in ArcGIS 10.7 for Desktop. NHDPlusV2_WBDSnapshot_EnviroAtlas_CONUS was used as the feature zone data with HUC_12 set as the Zone field. IMPV2016_NoWater, derived from the NLCD 2016 Percent Developed Impervious Product (https://www.mrlc.gov/data), was used as the Input value raster. A comprehensive list of metric creation steps is included in the Processing Steps.</eaover>
		</overview>
	</eainfo>
</metadata>