﻿<?xml version="1.0" encoding="utf-8"?>
<metadata>
	<Esri>
		<PublishedDocID>{f9035442-5c01-4ff1-ba58-92795bfe6228}</PublishedDocID>
	</Esri>
	<idinfo>
		<keywords>
			<theme>
				<themekt>ISO 19115 Topic Category</themekt>
				<themekey>environment</themekey>
			</theme>
			<theme>
				<themekt>EPA GIS Keyword Thesaurus</themekt>
				<themekey>Ecosystem</themekey>
				<themekey>Environment</themekey>
			</theme>
			<theme>
				<themekt>EnviroAtlas</themekt>
				<themekey>Ecosystem Services</themekey>
				<themekey>EnviroAtlas</themekey>
				<themekey>Environment</themekey>
				<themekey>Environmental Atlas</themekey>
			</theme>
			<place>
				<placekt>None</placekt>
				<placekey>Alabama</placekey>
				<placekey>Arizona</placekey>
				<placekey>Arkansas</placekey>
				<placekey>California</placekey>
				<placekey>Colorado</placekey>
				<placekey>Connecticut</placekey>
				<placekey>Delaware</placekey>
				<placekey>Florida</placekey>
				<placekey>Georgia</placekey>
				<placekey>Idaho</placekey>
				<placekey>Illinois</placekey>
				<placekey>Indiana</placekey>
				<placekey>Iowa</placekey>
				<placekey>Kansas</placekey>
				<placekey>Kentucky</placekey>
				<placekey>Louisiana</placekey>
				<placekey>Maine</placekey>
				<placekey>Maryland</placekey>
				<placekey>Massachusetts</placekey>
				<placekey>Michigan</placekey>
				<placekey>Minnesota</placekey>
				<placekey>Mississippi</placekey>
				<placekey>Missouri</placekey>
				<placekey>Montana</placekey>
				<placekey>Nebraska</placekey>
				<placekey>Nevada</placekey>
				<placekey>New Hampshire</placekey>
				<placekey>New Jersey</placekey>
				<placekey>New Mexico</placekey>
				<placekey>New York</placekey>
				<placekey>North Carolina</placekey>
				<placekey>North Dakota</placekey>
				<placekey>Ohio</placekey>
				<placekey>Oklahoma</placekey>
				<placekey>Oregon</placekey>
				<placekey>Pennsylvania</placekey>
				<placekey>Rhode Island</placekey>
				<placekey>South Carolina</placekey>
				<placekey>South Dakota</placekey>
				<placekey>Tennessee</placekey>
				<placekey>Texas</placekey>
				<placekey>United States</placekey>
				<placekey>Utah</placekey>
				<placekey>Vermont</placekey>
				<placekey>Virginia</placekey>
				<placekey>Washington</placekey>
				<placekey>Washington DC</placekey>
				<placekey>West Virginia</placekey>
				<placekey>Wisconsin</placekey>
				<placekey>Wyoming</placekey>
			</place>
			<theme>
				<themekt>User</themekt>
				<themekey>Ecosystem Services</themekey>
				<themekey>EnviroAtlas</themekey>
				<themekey>Environment</themekey>
				<themekey>Environmental Atlas</themekey>
				<themekey>Land</themekey>
				<themekey>Soils</themekey>
				<themekey>Surface Water</themekey>
				<themekey>Water</themekey>
			</theme>
		</keywords>
		<citation>
			<citeinfo>
				<origin>U.S. Environmental Protection Agency (US EPA)</origin>
				<title>EnviroAtlas - Average annual soil loss and sediment yield to waterbodies by 12-digit HUC for the Conterminous United States</title>
				<pubinfo>
					<publish>U.S. EPA Office of Research and Development (ORD) - Center for Public Health and Environmental Assessment (CPHEA)</publish>
					<pubplace>Research Triangle Park, NC</pubplace>
				</pubinfo>
				<pubdate>20210318</pubdate>
				<onlink>https://edg.epa.gov/data/PUBLIC/ORD/ENVIROATLAS/National</onlink>
				<onlink>https://enviroatlas.epa.gov/arcgis/rest/services/National/National2021_metrics/MapServer</onlink>
				<onlink>https://www.epa.gov/enviroatlas/enviroatlas-data</onlink>
				<onlink>https://www.epa.gov/enviroatlas</onlink>
			</citeinfo>
		</citation>
		<timeperd>
			<current>Ground condition</current>
			<timeinfo>
				<sngdate>
					<caldate>2011</caldate>
				</sngdate>
			</timeinfo>
		</timeperd>
		<status>
			<progress>Complete</progress>
			<update>As needed</update>
		</status>
		<spdom>
			<bounding>
				<westbc>-128.028392</westbc>
				<eastbc>-65.203364</eastbc>
				<northbc>51.677360</northbc>
				<southbc>22.734889</southbc>
			</bounding>
		</spdom>
		<accconst>None</accconst>
		<useconst>None. Please check sources, scale, accuracy, currency and other available information. Please confirm that you are using the most recent copy of both data and metadata.  Acknowledgment of the EPA would be appreciated.</useconst>
		<descript>
			<abstract>This EnviroAtlas national dataset shows the average annual soil loss and sediment yield to waterbodies by 12-digit HUC subwatershed for the conterminous United States for 2011 with existing land use / land cover and under a scenario in which natural vegetation is removed. It also includes the soil loss and sediment yield prevented by natural vegetation, calculated as the difference between soil loss or sediment yield with existing land cover and under the vegetation removal scenario.

				This dataset is based on a collection of six rasters showing runoff, sediment delivery ratio, and sediment yield to streams and waterbodies under two land cover scenarios. The two scenarios are the existing vegetation scenario based on the 2011 National Land Cover Database (NLCD), and a scenario in which natural land cover was replaced with barren land. Average annual soil loss due to sheet and rill erosion was calculated using the Revised Universal Soil Loss Equation (RUSLE) equation for both scenarios. A Sediment Delivery Ratio (SDR) was then applied to both scenarios. The SDR was multiplied by the average annual soil loss to estimate net sediment yield to downstream waterways under both scenarios. These datasets can be used together to quantify the soil retention services of natural vegetation.

				The datasets used as inputs include the 2011 NLCD, 1971-2000 Rainfall-runoff erosivity factor from PRISM (Parameter-elevation Regressions on Independent Slopes Model), the U.S. Geological Survey's 30-meter digital elevation model (DEM), Soil Survey Geographic Database (SSURGO), and State Soil Geographic Database (STATSGO2) data, MODIS (Moderate Resolution Imaging Spectroradiometer) Normalized Difference Vegetation Index (NDVI), and the US Department of Agriculture (USDA)'s crop management zones (CMZs).

				This dataset was produced by the US EPA to support research and online mapping activities related to EnviroAtlas. EnviroAtlas (https://www.epa.gov/enviroatlas) allows the user to interact with a web-based, easy-to-use, mapping application to view and analyze multiple ecosystem services for the contiguous United States. The dataset is available as downloadable data (https://edg.epa.gov/data/Public/ORD/EnviroAtlas) or as an EnviroAtlas map service. Additional descriptive information about each attribute in this dataset can be found in its associated EnviroAtlas Fact Sheet (https://www.epa.gov/enviroatlas/enviroatlas-fact-sheets).</abstract>
			<purpose>This dataset can be used to assess threats to the ecosystem services provided by soils, such as carbon sequestration, moderating floods, and growing food. This dataset can also be used to study the effects of erosion on streams and water bodies, and to analyze the ability of vegetation to reduce erosion.
				The overall goal of EnviroAtlas is to employ and develop the best available science to map indicators of ecosystem services production, demand, and drivers for the nation.</purpose>
		</descript>
		<secinfo>
			<secsys>https://project-open-data.github.io/schema/#accessLevel</secsys>
			<secclass>public</secclass>
			<sechandl>Standard Technical Controls</sechandl>
		</secinfo>
		<ptcontac>
			<cntinfo>
				<cntperp>
					<cntorg>U.S. Environmental Protection Agency, Office of Research and Development - Center for Public Health and Environmental Assessment (CPHEA), EnviroAtlas</cntorg>
					<cntper>EnviroAtlas Coordinator</cntper>
				</cntperp>
				<cntpos>Geospatial Data Owner</cntpos>
				<cntaddr>
					<addrtype>mailing and physical address</addrtype>
					<address>109 T.W. Alexander Drive</address>
					<city>Research Triangle Park</city>
					<state>NC</state>
					<postal>27709</postal>
				</cntaddr>
				<cntvoice>(919) 541-3832</cntvoice>
				<cntemail>EnviroAtlas@epa.gov</cntemail>
				<cntinst>https://www.epa.gov/enviroatlas</cntinst>
			</cntinfo>
		</ptcontac>
	</idinfo>
	<dataqual>
		<logic>Tests for integrity have not been performed.</logic>
		<complete>Features represented have not been tested for completeness</complete>
		<posacc>
			<horizpa>
				<horizpar>Data were collected using methods that have unknown accuracy (EPA National Geospatial Data Policy [NGDP] Accuracy Tier 10). For more information, please see EPA's NGDP at http://epa.gov/geospatial/policies.html</horizpar>
			</horizpa>
		</posacc>
		<lineage>
			<procstep>
				<procdate>20190419</procdate>
				<procdesc>1. Acquired mean annual Rainfall-runoff erosivity factor (R) for 1971-2000 at 4 km resolution by request from the PRISM climate Group (Daly and Taylor, 2002).</procdesc>
			</procstep>
			<procstep>
				<procdate>20190221</procdate>
				<procdesc>2. Acquired the soil erodibility factor (K). The U.S. Geological Survey's Earth Resources Observation and Science (EROS) processed soil data for EnviroAtlas (https://www.epa.gov/enviroatlas) by converting the Soil Survey Geographic Database (SSURGO) erodibility factor (kffact) to a 30m raster, with gaps in SSURGO being filled with the State Soil Geographic Database (STATSGO2). All calculations done in SI, so the initial English units were converted to SI units (t ha hr / ha MJ mm), by multiplying the English units by 0.1317 (Foster et al., 1981). This was done in ArcMap when creating the RUSLE raster rather than writing a new Kfact raster with SI units.</procdesc>
			</procstep>
			<procstep>
				<procdate>20190528</procdate>
				<procdesc>3. Derived the slope length and steepness factor (LS).</procdesc>
			</procstep>
			<procstep>
				<procdate>20190523</procdate>
				<procdesc>3.a. Acquired the 30-meter digital elevation model (DEM) from the U.S. Geological Survey 3D Elevation Program (https://apps.nationalmap.gov/downloader/#/)</procdesc>
			</procstep>
			<procstep>
				<procdate>20190528</procdate>
				<procdesc>3.b. The Desmet and Govers (1996) LS factor method was implemented using the System for Automated Geoscientific Analysis (SAGA, http://www.saga-gis.org/saga_tool_doc/2.2.0/ta_hydrology_22.html) LS factor, Field Based module (Conrad et al., 2015). The LS factor was limited to a maximum of 72.15 as specified by RUSLE (Renard et al., 1997).</procdesc>
			</procstep>
			<procstep>
				<procdate>20190529</procdate>
				<procdesc>4. Cover-management factor (C) was estimated using the Normalized Difference Vegetation Index (NDVI), assuming that as greenness decreases, erosion potential increases.</procdesc>
			</procstep>
			<procstep>
				<procdate>20190323</procdate>
				<procdesc>4.a. Used MODIS (Moderate Resolution Imaging Spectroradiometer) NDVI values at 250m resolution for 16-day intervals between 2000 and 2014 (https://modis.gsfc.nasa.gov/data/dataprod/mod09.php) to  calculate a mean annual NDVI.</procdesc>
			</procstep>
			<procstep>
				<procdate>20190323</procdate>
				<procdesc>4.b. Downscaled the NDVI to 30m resolution using the 2011 National Land Cover Database (NLCD, https://www.mrlc.gov/data/nlcd-2011-land-cover-conus-0). </procdesc>
			</procstep>
			<procstep>
				<procdate>20190324</procdate>
				<procdesc>4.c. Median NDVI was calculated for all NLCD land cover classes in each of 73 USDA crop management zones (CMZs) (https://fargo.nserl.purdue.edu/RUSLE2_ftp/Crop_Management_Templates/CMZ%20maps/CMZ%20map%20shape%20files/).</procdesc>
			</procstep>
			<procstep>
				<procdate>20190324</procdate>
				<procdesc>4.d. The median NLCD-level NDVI was applied to corresponding NLCD pixels in that land cover class/CMZ combination.</procdesc>
			</procstep>
			<procstep>
				<procdate>20190529</procdate>
				<procdesc>4.e. To relate NDVI to C, we used the generalized equation developed by Van der Knijff et al. (2000) for the European Union: C = γe^[−α (NDVI/β−NDVI)], where α=2, β=1, and γ =1. The α, β, and γ parameters were used to calibrate RUSLE average annual soil loss to the USDA 2015 National Resources Inventory (NRI) state-level cropland erosion by water estimates. Rather than using a single parameter set, calibration was performed spatially for the 73 CMZs. A total of 200,000 parameter sets were created using Latin hypercube sampling, with each set containing 219 parameters (a unique α, β, and γ for each CMZ). Parameter ranges were set to: α = [1, 8], β = [1,2], and γ = [0.2, 1] for cropland and α = [1, 8], β = [1, 2], and γ = [0.01, 0.7] for pasture. Spatially stratified samples of R, K, LS, and NDVI were drawn from each state's pasture/hay and cultivated crops NLCD classes, with a minimum of 1000 samples per state and class (number of samples were proportional to amount of pasture/hay and cultivated crops in the state). The RUSLE predicted average annual soil loss (Mg ha−1) calculated using each parameter set were compared to state-level NRI sheet and rill erosion by water estimates using the mean absolute error (MAE). Rather than using a single best parameter set, an ensemble average of parameter sets was used, in which the number of ensemble members was determined by minimizing the MAE. This process was completed separately for cultivated crops and pasture/hay NLCD classes, resulting in unique α, β, and γ for each class in each CMZ.</procdesc>
			</procstep>
			<procstep>
				<procdate>20190529</procdate>
				<procdesc>4.f. Using NDVI to calibrate C factor resulted in unrealistically high values for forest, grassland, wetlands, and developed areas. Therefore, C factors for non-agricultural NLCD classes were derived from literature.</procdesc>
			</procstep>
			<procstep>
				<procdate>20190530</procdate>
				<procdesc>4.g. A second raster was created to represent C-factors under a scenario in which current natural vegetative cover was removed. Replaced the C factors for forest (NLCD 41, 42, 43), shrub (NLCD 52), grassland/herbaceous (NLCD 71), and wetland (NLCD 90, 95) classes with the maximum C factor from barren land, applied uniquely for each CMZ. This was used to estimate sediment yield and sediment delivery ratio using the same steps described above.</procdesc>
			</procstep>
			<procstep>
				<procdate>20190529</procdate>
				<procdesc>5. The support practice factor (P) is not explicitly used here given the lack of a national database However, we expect that the impact of some support practices (e.g., winter cover crops, no-till, etc.) will be reflected in the calibrated C-factor using NDVI on cultivated cropland and pasture.</procdesc>
			</procstep>
			<procstep>
				<procdate>20190530</procdate>
				<procdesc>6. Calculated average annual soil loss (A) for both scenarios using the RUSLE equation (A = R x K x LS x C). P, the support practice factor, was not included.</procdesc>
			</procstep>
			<procstep>
				<procdate>20190612</procdate>
				<procdesc>7. Estimated Sediment Delivery Ratio (SDR) for both scenarios. RUSLE only predicts soil loss and does not account for off-site sediment yield. Therefore, the SDR was applied to the soil loss estimates from RUSLE to calculate estimated net sediment yield to downstream waterways. The SDR was calculated for each pixel in the CONUS using flow path connectivity. The methods used here are adapted from previous work by Hamel et al. (2015, 2017).</procdesc>
			</procstep>
			<procstep>
				<procdate>20190605</procdate>
				<procdesc>7.a. The Index of Connectivity (IC), defined here as a given pixel's connectivity to the nearest waterbody, was calculated using the ArcGIS Connectivity Index Toolbox (Cavalli et al., 2013, 2014, https://github.com/HydrogeomorphologyTools/Connectivity-Index-ArcGIS-toolbox/tree/master/ArcGIS10_3_Toolbox) based on the methods of Borselli et al. (2008).</procdesc>
			</procstep>
			<procstep>
				<procdate>20190605</procdate>
				<procdesc>7.a.i. Used TauDEM (Tarboton, 1997) to calculate upslope contributing area. This was used as an input in calculating IC. The downslope flow path was calculated using D8 flow direction along the steepest downward slope.</procdesc>
			</procstep>
			<procstep>
				<procdate>20190605</procdate>
				<procdesc>7.a.ii. The C factor was adjusted based on the disparity of low sediment generation by impervious surfaces versus the greater potential for connectivity due to those impervious surfaces. Therefore, the NLCD Urban Imperviousness 2011 dataset (https://www.mrlc.gov/data/nlcd-2011-percent-developed-imperviousness-conus-0) was used to represent developed land cover C factors. Imperviousness in the original dataset ranges from 0 to 1; these values were used directly for the developed land cover C factor, allowing them to vary from pixel to pixel. The mean C factor values increased with increasing density: 0.05 (developed, open space), 0.3 (developed, low intensity), 0.61 (developed, medium intensity), 0.88 (developed, high intensity). In the initial C-factor datasets, if NLCD 2011 land cover pixel = class 21, 22, 23, 24, we replaced the C-factor value for that pixel with the NLCD 2011 percent impervious value. In some cases, the class is 21-24, yet the imperviousness is 0%. The minimum W-factor value is 0.001. Therefore, C-factor 0 values that were not water (NLCD 11) are replaced with 0.001 in the final W-factor rasters.</procdesc>
			</procstep>
			<procstep>
				<procdate>20190605</procdate>
				<procdesc>7.a.iii. Sinks (delivery endpoints) were defined using the National Hydrography Dataset Plus Version 2 (NHDPlusV2, http://www.horizon-systems.com/nhdplus/NHDplusV2_home.php) streams and waterbodies, converted to a binary raster where sinks = 1 and everything else is nodata.</procdesc>
			</procstep>
			<procstep>
				<procdate>20190612</procdate>
				<procdesc>7.b. The SDR for pixel i is then calculated using the equation SDRi = SDRmax,i / {1 + exp[(IC0-ICi)/kb]}.  SDRmax,i is the maximum possible delivery ratio for the ith pixel, defined as the fraction of topsoil particles finer than coarse sand (less than 1 mm in diameter) (Vigiak et al., 2012), derived from SSURGO and STATSGO2. In rare cases where data were missing, we set SDRmax,i = 0.8. IC0 was set to 0.5 and kb was set equal to 2 (Vigiak et al., 2012, Borselli et al., 2008). Since the connectivity index tool does not calculate values for pixels that border sinks, these pixels were filled with SDRmax.</procdesc>
			</procstep>
			<procstep>
				<procdate>20190612</procdate>
				<procdesc>7.c. Sediment yield from each pixel was then calculated as the product of RUSLE's average annual sheet and rill erosion (A) and the SDR.</procdesc>
			</procstep>
			<procstep>
				<procdate>20190612</procdate>
				<procdesc>8. Determined how much sediment is retained by natural land cover by comparing the scenario with existing vegetative cover to a scenario where current natural vegetative cover was removed. The difference shows how much erosion is prevented by natural vegetative cover.</procdesc>
			</procstep>
			<procstep>
				<procdate>20190612</procdate>
				<procdesc>9. Summarized the results by 12-digit HUC using the EnviroAtlas version of the NHDPlus V2 WBD snapshot.</procdesc>
			</procstep>
		</lineage>
	</dataqual>
	<spref>
		<horizsys>
			<planar>
				<planci>
					<plance>coordinate pair</plance>
					<plandu>meters</plandu>
					<coordrep>
						<absres>0.000001</absres>
						<ordres>0.000001</ordres>
					</coordrep>
				</planci>
				<mapproj>
					<mapprojn>Albers Conical Equal Area</mapprojn>
					<albers>
						<stdparll>29.500000</stdparll>
						<stdparll>45.500000</stdparll>
						<longcm>-96.000000</longcm>
						<latprjo>23.000000</latprjo>
						<feast>0.000000</feast>
						<fnorth>0.000000</fnorth>
					</albers>
				</mapproj>
			</planar>
			<geodetic>
				<horizdn>North American Datum of 1983</horizdn>
				<ellips>Geodetic Reference System 80</ellips>
				<semiaxis>6378137.000000</semiaxis>
				<denflat>298.257222</denflat>
			</geodetic>
		</horizsys>
	</spref>
	<distinfo>
		<resdesc>Downloadable Data</resdesc>
		<distliab>https://edg.epa.gov/EPA_Data_License.html</distliab>
		<distrib>
			<cntinfo>
				<cntorgp>
					<cntorg>U.S. Environmental Protection Agency, Office of Research and Development - Center for Public Health and Environmental Assessment (CPHEA), EnviroAtlas</cntorg>
					<cntper>EnviroAtlas Coordinator</cntper>
				</cntorgp>
				<cntpos>Geospatial Data Owner</cntpos>
				<cntaddr>
					<addrtype>mailing and physical address</addrtype>
					<address>109 T.W. Alexander Drive</address>
					<city>Research Triangle Park</city>
					<state>NC</state>
					<postal>27709</postal>
				</cntaddr>
				<cntvoice>(919) 541-3832</cntvoice>
				<cntemail>EnviroAtlas@epa.gov</cntemail>
				<cntinst>https://www.epa.gov/enviroatlas</cntinst>
			</cntinfo>
		</distrib>
	</distinfo>
	<metainfo>
		<metstdn>FGDC Content Standard for Digital Geospatial Metadata</metstdn>
		<metstdv>FGDC-STD-001-1998</metstdv>
		<metd>20210714</metd>
		<metfrd>20250714</metfrd>
		<metc>
			<cntinfo>
				<cntorgp>
					<cntorg>U.S. Environmental Protection Agency, Office of Research and Development - Center for Public Health and Environmental Assessment (CPHEA), EnviroAtlas</cntorg>
					<cntper>EnviroAtlas Coordinator</cntper>
				</cntorgp>
				<cntpos>Geospatial Data Owner</cntpos>
				<cntaddr>
					<addrtype>mailing and physical address</addrtype>
					<address>109 T.W. Alexander Drive</address>
					<city>Research Triangle Park</city>
					<state>NC</state>
					<postal>27709</postal>
				</cntaddr>
				<cntvoice>(919) 541-3832</cntvoice>
				<cntemail>EnviroAtlas@epa.gov</cntemail>
				<cntinst>https://www.epa.gov/enviroatlas</cntinst>
			</cntinfo>
		</metc>
	</metainfo>
	<eainfo>
		<detailed>
			<enttyp>
				<enttypl>RUSLE_SoilLossSedimentLoads</enttypl>
				<enttypd>Soil loss and sediment yield under existing and vegetation-removed scenarios. Null indicates no data.</enttypd>
				<enttypds>US EPA</enttypds>
			</enttyp>
			<attr>
				<attrlabl>RUSLE_Base_Mg</attrlabl>
				<attrdef>Average annual soil loss under the current land use/land cover scenario, in total metric tons (megagrams) per 12-digit HUC.</attrdef>
				<attrdefs>US EPA</attrdefs>
				<attrdomv>
					<rdom>
						<rdommin>0</rdommin>
						<rdommax>1025733.632</rdommax>
					</rdom>
				</attrdomv>
			</attr>
			<attr>
				<attrlabl>RUSLE_Base_Mgha</attrlabl>
				<attrdef>Average annual soil loss under the current land use/land cover scenario, in metric tons (megagrams) per hectare.</attrdef>
				<attrdefs>US EPA</attrdefs>
				<attrdomv>
					<rdom>
						<rdommin>0</rdommin>
						<rdommax>252.586</rdommax>
					</rdom>
				</attrdomv>
			</attr>
			<attr>
				<attrlabl>RUSLE_Scen_Mg</attrlabl>
				<attrdef>Average annual soil loss under a scenario in which natural vegetation has been removed, in total metric tons (megagrams) per 12-digit HUC.</attrdef>
				<attrdefs>US EPA</attrdefs>
				<attrdomv>
					<rdom>
						<rdommin>0</rdommin>
						<rdommax>5405403.209</rdommax>
					</rdom>
				</attrdomv>
			</attr>
			<attr>
				<attrlabl>RUSLE_Scen_Mgha</attrlabl>
				<attrdef>Average annual soil loss under a scenario in which natural vegetation has been removed, in metric tons (megagrams) per hectare.</attrdef>
				<attrdefs>US EPA</attrdefs>
				<attrdomv>
					<rdom>
						<rdommin>0</rdommin>
						<rdommax>321.376</rdommax>
					</rdom>
				</attrdomv>
			</attr>
			<attr>
				<attrlabl>RUSLE_Soil_Loss_Avoided_Mgha</attrlabl>
				<attrdef>Average annual soil loss avoided due to natural vegetation, in metric tons (megagrams) per hectare.</attrdef>
				<attrdefs>US EPA</attrdefs>
				<attrdomv>
					<rdom>
						<rdommin>-0.150</rdommin>
						<rdommax>311.307</rdommax>
					</rdom>
				</attrdomv>
			</attr>
			<attr>
				<attrlabl>RUSLE_Soil_Loss_Avoided_Mg</attrlabl>
				<attrdef>Average annual soil loss avoided due to natural vegetation, in total metric tons (megagrams) per 12-digit HUC.</attrdef>
				<attrdefs>US EPA</attrdefs>
				<attrdomv>
					<rdom>
						<rdommin>-0.150</rdommin>
						<rdommax>311.307</rdommax>
					</rdom>
				</attrdomv>
			</attr>
			<attr>
				<attrlabl>SYLD_Base_Mg</attrlabl>
				<attrdef>Average annual sediment yield to waterbodies under the existing land use/land cover scenario, in total metric tons (megagrams) per 12-digit HUC.</attrdef>
				<attrdefs>US EPA</attrdefs>
				<attrdomv>
					<rdom>
						<rdommin>0</rdommin>
						<rdommax>401641.609</rdommax>
					</rdom>
				</attrdomv>
			</attr>
			<attr>
				<attrlabl>SYLD_Base_Mgha</attrlabl>
				<attrdef>Average annual sediment yield to waterbodies under the existing land use/land cover scenario, in metric tons (megagrams) per hectare.</attrdef>
				<attrdefs>US EPA</attrdefs>
				<attrdomv>
					<rdom>
						<rdommin>0</rdommin>
						<rdommax>98.716</rdommax>
					</rdom>
				</attrdomv>
			</attr>
			<attr>
				<attrlabl>SYLD_Scen_Mg</attrlabl>
				<attrdef>Average annual sediment yield to waterbodies under a scenario in which natural vegetation has been removed, in total metric tons (megagrams) per 12-digit HUC.</attrdef>
				<attrdefs>US EPA</attrdefs>
				<attrdomv>
					<rdom>
						<rdommin>0</rdommin>
						<rdommax>2260400.962</rdommax>
					</rdom>
				</attrdomv>
			</attr>
			<attr>
				<attrlabl>SYLD_Scen_Mgha</attrlabl>
				<attrdef>Average annual sediment yield to waterbodies under a scenario in which natural vegetation has been removed, in metric tons (megagrams) per hectare</attrdef>
				<attrdefs>US EPA</attrdefs>
				<attrdomv>
					<rdom>
						<rdommin>0</rdommin>
						<rdommax>184.383</rdommax>
					</rdom>
				</attrdomv>
			</attr>
			<attr>
				<attrlabl>SYLD_Avoided_Mgha</attrlabl>
				<attrdef>Average annual sediment yield to waterbodies avoided due to natural vegetation, in metric tons (megagrams) per hectare.</attrdef>
				<attrdefs>US EPA</attrdefs>
				<attrdomv>
					<rdom>
						<rdommin>-0.310</rdommin>
						<rdommax>180.414</rdommax>
					</rdom>
				</attrdomv>
			</attr>
			<attr>
				<attrlabl>SYLD_Avoided_Mg</attrlabl>
				<attrdef>Average annual sediment yield to waterbodies avoided due to natural vegetation, in total metric tons (megagrams) per 12-digit HUC.</attrdef>
				<attrdefs>US EPA</attrdefs>
				<attrdomv>
					<rdom>
						<rdommin>-0.310</rdommin>
						<rdommax>180.414</rdommax>
					</rdom>
				</attrdomv>
			</attr>
		</detailed>
		<overview>
			<eadetcit>https://www.epa.gov/enviroatlas/enviroatlas-fact-sheets</eadetcit>
			<eaover>Average annual soil loss (A) was calculated for two scenarios - one using current land cover and one in which natural vegetation has been removed -  using the RUSLE equation (A = R x K x LS x C x P), where A is the average annual soil loss (Mg/ha/yr), R is the annual rainfall-runoff erosivity factor (MJ mm/ha/h/yr), K is the soil erodibility factor (Mg/ha hr ha/MJ/mm), LS is the slope length and steepness factor (dimensionless), C is the cover-management factor (dimensionless). For this analysis, P was not included. The sediment delivery ratio was also estimated for both scenarios using flow path connectivity; this was used to calculate estimated net sediment yield to streams and water bodies. These two scenarios were compared to estimate sediment retention by natural vegetative cover. Please see the processing steps for a detailed description.

				A comprehensive list of metric creation steps is included in the Processing Steps.
				Citations:

				Borselli, L., Cassi, P., Torri, D., 2008. Prolegomena to sediment and flow connectivity in the landscape: a GIS and field numerical assessment. Catena 75, 268-277. https://doi.org/10.1016/j.catena.2008.07.006.

				Cavalli, M., Trevisani, S., Comiti, F., Marchi, L., 2013. Geomorphometric assessment of spatial sediment connectivity in small alpine catchments. Geomorphology 188, 31-41. https://doi.org/10.1016/j.geomorph.2012.05.007.

				Cavalli, M., Crema, S., Marchi, L., 2014. Guidelines on the Sediment Connectivity ArcGIS Toolbox and Stand-alone Application (no Release 1.0). pp. 1-33.

				Conrad, O., Bechtel, B., Bock,M., Dietrich, H., Fischer, E., Gerlitz, L.,Wehberg, J.,Wichmann, V., Böhner, J., 2015. System for automated geoscientific analyses (SAGA) v. 2.1. 4. Geosci. Model Dev. 8, 1991-2007. https://doi.org/10.5194/gmd-8-1991-2015.

				Daly, C., Taylor, G.H., 2002. Development of New Spatial Grids of R-Factor and 10-Yr EI30 for the Conterminous United States, Internal EPA Report, NERL-LV. Spatial Climate Analysis Service, Oregon State University, Corvallis, OR.         

				Desmet, P.J.J., Govers, G., 1996. A GIS procedure for automatically calculating the USLE LS factor on topographically complex landscape units. J. Soil Water Conserv. 51, 427-433.

				Foster, G. R., D. K. McCool, K. G. Renard, and W. C. Moldenhauer, 1981. Conversion of the universal soil loss equation to SI metric units. J. Soil Water Conserv. 36, 355-359. https://www.engr.colostate.edu/~pierre/ce_old/Projects/linkfiles/USLE%20Unit%20conversions.pdf

				Hamel, P., Chaplin-Kramer, R., Sim, S., Mueller, C., 2015. A new approach to modeling the sediment retention service (InVEST 3.0): case study of the Cape Fear catchment, North Carolina, USA. Sci. Total Environ. 524, 166-177. https://doi.org/10.1016/j.scitotenv.2015.04.027.

				Hamel, P., Falinski, K., Sharp, R., Auerbach, D.A., Sánchez-Canales, M., Dennedy-Frank, P.J., 2017. Sediment delivery modeling in practice: comparing the effects of watershed characteristics and data resolution across hydroclimatic regions. Sci. Total Environ. 580, 1381-1388. https://doi.org/10.1016/j.scitotenv.2016.12.103.

				Renard, K.G., Foster, G.R., Weesies, G.A., McCool, D.K., Yoder, D.C., 1997. Predicting Soil Erosion by Water: A Guide to Conservation Planning with the Revised Universal Soil Loss Equation (RUSLE). United States Department of Agriculture. Washington, DC.

				Tarboton, D.G., 1997. A new method for the determination of flow directions and upslope areas in grid digital elevation models. Water Resour. Res. 33, 309-319. https://doi.org/10.1029/96WR03137.

				Van der Knijff, J.M., Jones, R.J.A., Montanarella, L., 2000. Soil Erosion Risk: Assessment in Europe. European Soil Bureau.

				Vigiak, O., Borselli, L., Newham, L.T.H., McInnes, J., Roberts, A.M., 2012. Comparison of conceptual landscape metrics to define hillslope-scale sediment delivery ratio. Geomorphology 138, 74-88. https://doi.org/10.1016/j.geomorph.2011.08.026.</eaover>
		</overview>
	</eainfo>
</metadata>